{"type":"FeatureCollection","features":[{"type":"Feature","id":"098db13e31d7_lbl","properties":{"name":"Ottoman Empire","sovereign":"Ottoman Empire","sovereignColorKey":"ottoman empire","rank":3,"area":3.690025359872566},"geometry":{"type":"Point","coordinates":[38.62986313448003,15.908891651927053]}},{"type":"Feature","id":"033f580b35b7_lbl","properties":{"name":"Tokugawa Shogunate","sovereign":"Tokugawa Shogunate","sovereignColorKey":"tokugawa shogunate","rank":4,"area":36.69090255233464},"geometry":{"type":"Point","coordinates":[138.62552360018847,36.12645109744434]}},{"type":"Feature","id":"5ef5da82f6f6_lbl","properties":{"name":"Dutch Formosa","sovereign":"Netherlands","sovereignColorKey":"netherlands","rank":3,"area":1.4269499848085605},"geometry":{"type":"Point","coordinates":[120.30816650227865,22.998852231083053]}},{"type":"Feature","id":"64bf8e19b7c8_lbl","properties":{"name":"Cuba (Spain)","sovereign":"Spanish Habsburg","sovereignColorKey":"spanish habsburg","rank":3,"area":9.508738259173718},"geometry":{"type":"Point","coordinates":[-77.97188517132642,21.299968801454348]}},{"type":"Feature","id":"fb0898c1dd97_lbl","properties":{"name":"Hispaniola (Spain)","sovereign":"Spanish Habsburg","sovereignColorKey":"spanish habsburg","rank":3,"area":6.753013077257588},"geometry":{"type":"Point","coordinates":[-71.36112138310315,19.104436717942995]}},{"type":"Feature","id":"b75135ced2ba_lbl","properties":{"name":"Philippines","sovereign":"Philippines","sovereignColorKey":"philippines","rank":4,"area":19.23630948611023},"geometry":{"type":"Point","coordinates":[121.2329702707207,17.547411523774905]}},{"type":"Feature","id":"e79eb45a14c6_lbl","properties":{"name":"Madagascar","sovereign":"Madagascar","sovereignColorKey":"madagascar","rank":4,"area":62.623981005737406},"geometry":{"type":"Point","coordinates":[45.319659623709896,-17.77177456764813]}},{"type":"Feature","id":"0f9c0778d44e_lbl","properties":{"name":"Maori","sovereign":"Maori","sovereignColorKey":"maori","rank":4,"area":27.060281005513275},"geometry":{"type":"Point","coordinates":[168.87956801375506,-45.411952771230894]}},{"type":"Feature","id":"e4bcad940b04_lbl","properties":{"name":"Unknown","sovereign":"Unknown","sovereignColorKey":"unknown","rank":4,"area":19.153292380542595},"geometry":{"type":"Point","coordinates":[-18.54463764706493,64.69345530124073]}},{"type":"Feature","id":"27ddeef5070e_lbl","properties":{"name":"England and Ireland","sovereign":"England and Ireland","sovereignColorKey":"england and ireland","rank":4,"area":30.358832810159058},"geometry":{"type":"Point","coordinates":[-1.5658632933321515,52.71074881462565]}},{"type":"Feature","id":"44b78141ee51_lbl","properties":{"name":"Spain","sovereign":"Spanish Habsburg","sovereignColorKey":"spanish habsburg","rank":4,"area":51.589682582712115},"geometry":{"type":"Point","coordinates":[-3.2301408914649663,40.11565717311267]}},{"type":"Feature","id":"c8ee33b6cfc8_lbl","properties":{"name":"Portugal","sovereign":"Portugal","sovereignColorKey":"portugal","rank":3,"area":9.78822535325071},"geometry":{"type":"Point","coordinates":[-8.045114484223145,38.9235854968584]}},{"type":"Feature","id":"6f681c2f78aa_lbl","properties":{"name":"Belize","sovereign":"Belize","sovereignColorKey":"belize","rank":3,"area":1.873781869020638},"geometry":{"type":"Point","coordinates":[-88.72879001073699,17.198256750971733]}},{"type":"Feature","id":"ac11b72fd07d_lbl","properties":{"name":"Malaya","sovereign":"Malaya","sovereignColorKey":"malaya","rank":4,"area":26.198983121786434},"geometry":{"type":"Point","coordinates":[113.95441332033036,2.8480022996819447]}},{"type":"Feature","id":"0ac8799eb1b5_lbl","properties":{"name":"Papous","sovereign":"Papous","sovereignColorKey":"papous","rank":4,"area":34.44766795014021},"geometry":{"type":"Point","coordinates":[143.72639182528613,-5.773804105802732]}},{"type":"Feature","id":"7e32dfe3aeb1_lbl","properties":{"name":"Dutch Republic","sovereign":"Dutch Republic","sovereignColorKey":"dutch republic","rank":3,"area":4.3537986847795755},"geometry":{"type":"Point","coordinates":[5.182281527129394,51.727900587037844]}},{"type":"Feature","id":"56aaa2c4938b_lbl","properties":{"name":"Vice-Royalty of New Spain","sovereign":"Spanish Habsburg","sovereignColorKey":"spanish habsburg","rank":5,"area":251.14417602203727},"geometry":{"type":"Point","coordinates":[-101.78666097894506,23.301901858718047]}},{"type":"Feature","id":"0d6de37d7ed0_lbl","properties":{"name":"Brunei","sovereign":"Brunei","sovereignColorKey":"brunei","rank":2,"area":0.5462306515091822},"geometry":{"type":"Point","coordinates":[114.65181094754917,4.458886785781235]}},{"type":"Feature","id":"6cca33c18b93_lbl","properties":{"name":"Dutch East Indies","sovereign":"Netherlands","sovereignColorKey":"netherlands","rank":5,"area":137.60961712021862},"geometry":{"type":"Point","coordinates":[114.14574656209109,-1.0965487733327919]}},{"type":"Feature","id":"e4bcad940b04_lbl","properties":{"name":"Unknown","sovereign":"Unknown","sovereignColorKey":"unknown","rank":5,"area":643.4048191978216},"geometry":{"type":"Point","coordinates":[-42.21435758152843,73.7168658599413]}},{"type":"Feature","id":"e4bcad940b04_lbl","properties":{"name":"Unknown","sovereign":"Unknown","sovereignColorKey":"unknown","rank":6,"area":6002.991394457801},"geometry":{"type":"Point","coordinates":[103.64177869364099,-78.08579116762157]}},{"type":"Feature","id":"4386700024d6_lbl","properties":{"name":"Hausa States","sovereign":"Hausa States","sovereignColorKey":"hausa states","rank":4,"area":29.04563966345455},"geometry":{"type":"Point","coordinates":[7.559308797589524,13.341613699841126]}},{"type":"Feature","id":"deb9d7ac6a40_lbl","properties":{"name":"Arakan (Indian princely state)","sovereign":"Arakan (Indian princely state)","sovereignColorKey":"arakan (indian princely state)","rank":3,"area":5.259258469739478},"geometry":{"type":"Point","coordinates":[93.54027149755711,20.67834363226496]}},{"type":"Feature","id":"0166a88c71a9_lbl","properties":{"name":"Parma","sovereign":"Parma","sovereignColorKey":"parma","rank":2,"area":0.7258836597935121},"geometry":{"type":"Point","coordinates":[9.742665891677426,44.828874749015604]}},{"type":"Feature","id":"402e635dc7e7_lbl","properties":{"name":"Papal States","sovereign":"Papal States","sovereignColorKey":"papal states","rank":3,"area":4.819014299418561},"geometry":{"type":"Point","coordinates":[12.975218212130702,43.04200471090184]}},{"type":"Feature","id":"4c4186cb70cd_lbl","properties":{"name":"Pontremoli","sovereign":"Pontremoli","sovereignColorKey":"pontremoli","rank":1,"area":0.08017127956415043},"geometry":{"type":"Point","coordinates":[9.5724396643412,44.29045597291002]}},{"type":"Feature","id":"6702adfc1bc7_lbl","properties":{"name":"Fivizzano","sovereign":"Fivizzano","sovereignColorKey":"fivizzano","rank":1,"area":0.012757660629740375},"geometry":{"type":"Point","coordinates":[10.03722242085276,44.219209636520745]}},{"type":"Feature","id":"4210e2aee0cd_lbl","properties":{"name":"Lucca","sovereign":"Lucca","sovereignColorKey":"lucca","rank":2,"area":0.17894916413097198},"geometry":{"type":"Point","coordinates":[10.261382708001271,43.5777954667751]}},{"type":"Feature","id":"758340c54cbf_lbl","properties":{"name":"Tuscany","sovereign":"Tuscany","sovereignColorKey":"tuscany","rank":3,"area":2.6939975427600737},"geometry":{"type":"Point","coordinates":[11.430419135909121,43.29650451751147]}},{"type":"Feature","id":"5bd6d1a808ef_lbl","properties":{"name":"Modena","sovereign":"Modena","sovereignColorKey":"modena","rank":3,"area":1.0282906957558817},"geometry":{"type":"Point","coordinates":[10.65264153587516,44.51452129138048]}},{"type":"Feature","id":"7af3a76de6e4_lbl","properties":{"name":"Massa","sovereign":"Massa","sovereignColorKey":"massa","rank":1,"area":0.026870702154616843},"geometry":{"type":"Point","coordinates":[10.155236147769687,43.74523947476491]}},{"type":"Feature","id":"399ad0a943c6_lbl","properties":{"name":"Delagoa Bay","sovereign":"Delagoa Bay","sovereignColorKey":"delagoa bay","rank":2,"area":0.6771104342919267},"geometry":{"type":"Point","coordinates":[32.307029174435506,-26.077218902219453]}},{"type":"Feature","id":"b084516d73d6_lbl","properties":{"name":"Expansionist Kingdom of Merina","sovereign":"Expansionist Kingdom of Merina","sovereignColorKey":"expansionist kingdom of merina","rank":4,"area":12.884532214398423},"geometry":{"type":"Point","coordinates":[47.28972265709475,-19.996732336203245]}},{"type":"Feature","id":"21b34d2849d7_lbl","properties":{"name":"Senegal","sovereign":"Senegal","sovereignColorKey":"senegal","rank":3,"area":1.355897316475195},"geometry":{"type":"Point","coordinates":[-16.384476746577988,15.41222902521401]}},{"type":"Feature","id":"3d0ff07bfe7a_lbl","properties":{"name":"Portuguese Guinea","sovereign":"Portuguese Guinea","sovereignColorKey":"portuguese guinea","rank":2,"area":0.5005065805830551},"geometry":{"type":"Point","coordinates":[-15.773993005655518,12.163615447347878]}},{"type":"Feature","id":"0d7ae6cbb57d_lbl","properties":{"name":"Bornu-Kanem","sovereign":"Bornu-Kanem","sovereignColorKey":"bornu-kanem","rank":4,"area":33.722720587681934},"geometry":{"type":"Point","coordinates":[13.785492451341586,12.892187957724964]}},{"type":"Feature","id":"e38c1d312d44_lbl","properties":{"name":"Songhai","sovereign":"Songhai","sovereignColorKey":"songhai","rank":3,"area":8.143364472841624},"geometry":{"type":"Point","coordinates":[1.4917596920625653,14.128357542286171]}},{"type":"Feature","id":"1138e3573f11_lbl","properties":{"name":"Mossi States","sovereign":"Mossi States","sovereignColorKey":"mossi states","rank":3,"area":7.754754935698609},"geometry":{"type":"Point","coordinates":[-1.5161090961033061,11.665466707597323]}},{"type":"Feature","id":"e025f6105217_lbl","properties":{"name":"Wadai","sovereign":"Wadai","sovereignColorKey":"wadai","rank":3,"area":9.318327595725663},"geometry":{"type":"Point","coordinates":[21.08897156674041,14.332604458954169]}},{"type":"Feature","id":"fc7951decb1a_lbl","properties":{"name":"Darfur","sovereign":"Darfur","sovereignColorKey":"darfur","rank":4,"area":30.020657834321824},"geometry":{"type":"Point","coordinates":[26.451220122689218,15.304728164749578]}},{"type":"Feature","id":"deea937fca30_lbl","properties":{"name":"Lunda","sovereign":"Lunda","sovereignColorKey":"lunda","rank":4,"area":22.567454310290046},"geometry":{"type":"Point","coordinates":[20.545504096583567,-8.915726208866273]}},{"type":"Feature","id":"8f9c22a27bae_lbl","properties":{"name":"Luba","sovereign":"Luba","sovereignColorKey":"luba","rank":4,"area":28.806412837500616},"geometry":{"type":"Point","coordinates":[27.531325535891305,-7.440061064204292]}},{"type":"Feature","id":"b4ee95de6033_lbl","properties":{"name":"Congo","sovereign":"Congo","sovereignColorKey":"congo","rank":3,"area":6.375852513588936},"geometry":{"type":"Point","coordinates":[14.045407188084882,-6.3554550730075885]}},{"type":"Feature","id":"1cdc13c93fdc_lbl","properties":{"name":"Rozwi","sovereign":"Rozwi","sovereignColorKey":"rozwi","rank":4,"area":13.692162051242377},"geometry":{"type":"Point","coordinates":[28.48489190533506,-20.148011749184924]}},{"type":"Feature","id":"3e422e1312cd_lbl","properties":{"name":"Portuguese East Africa","sovereign":"Portuguese East Africa","sovereignColorKey":"portuguese east africa","rank":3,"area":5.132326920300379},"geometry":{"type":"Point","coordinates":[35.900369399028364,-17.799199628283475]}},{"type":"Feature","id":"5149b63da977_lbl","properties":{"name":"Awsa","sovereign":"Awsa","sovereignColorKey":"awsa","rank":4,"area":12.034860363178723},"geometry":{"type":"Point","coordinates":[41.02248818761838,12.419163443769962]}},{"type":"Feature","id":"ee8dd2cd5a64_lbl","properties":{"name":"Ethiopia","sovereign":"Ethiopia","sovereignColorKey":"ethiopia","rank":4,"area":23.70764872570014},"geometry":{"type":"Point","coordinates":[37.798113939480615,12.06572846596762]}},{"type":"Feature","id":"e9cc0e70bc8f_lbl","properties":{"name":"Oromo","sovereign":"Oromo","sovereignColorKey":"oromo","rank":4,"area":46.93179407229821},"geometry":{"type":"Point","coordinates":[39.115395094965415,3.518718178054669]}},{"type":"Feature","id":"e1e8e5e05076_lbl","properties":{"name":"Austrian Empire","sovereign":"Austrian Empire","sovereignColorKey":"austrian empire","rank":2,"area":0.6752527107293238},"geometry":{"type":"Point","coordinates":[20.292353189865672,53.91437758156792]}},{"type":"Feature","id":"7d167cc8bb6f_lbl","properties":{"name":"Prussia","sovereign":"Prussia","sovereignColorKey":"prussia","rank":3,"area":4.949842409929495},"geometry":{"type":"Point","coordinates":[22.020630242908112,54.36792845169386]}},{"type":"Feature","id":"e8af851fd074_lbl","properties":{"name":"Lombardy","sovereign":"Lombardy","sovereignColorKey":"lombardy","rank":2,"area":0.14653045658840025},"geometry":{"type":"Point","coordinates":[10.376652918577285,45.02631566340508]}},{"type":"Feature","id":"3a7da84a692c_lbl","properties":{"name":"Genoa","sovereign":"Genoa","sovereignColorKey":"genoa","rank":2,"area":0.7201014085541156},"geometry":{"type":"Point","coordinates":[8.175806426384389,44.45761148722607]}},{"type":"Feature","id":"e4bcad940b04_lbl","properties":{"name":"Unknown","sovereign":"Unknown","sovereignColorKey":"unknown","rank":1,"area":0.08403014463814085},"geometry":{"type":"Point","coordinates":[7.467204739803061,43.81083423022823]}},{"type":"Feature","id":"f65260fb2d64_lbl","properties":{"name":"Sardinia","sovereign":"Austrian Empire","sovereignColorKey":"austrian empire","rank":3,"area":2.318184817149815},"geometry":{"type":"Point","coordinates":[9.040923127629267,40.087217073121636]}},{"type":"Feature","id":"4ab6405f47c0_lbl","properties":{"name":"Naples","sovereign":"Austrian Empire","sovereignColorKey":"austrian empire","rank":3,"area":7.335509836741378},"geometry":{"type":"Point","coordinates":[16.07197730561785,40.56699547528318]}},{"type":"Feature","id":"4088fdb2bad5_lbl","properties":{"name":"Sicily","sovereign":"Savoy-Piedmont","sovereignColorKey":"savoy-piedmont","rank":3,"area":2.450927515163128},"geometry":{"type":"Point","coordinates":[14.67707065066455,37.479537569001955]}},{"type":"Feature","id":"94b7f1a601f4_lbl","properties":{"name":"Tibet","sovereign":"Tibet","sovereignColorKey":"tibet","rank":5,"area":198.31749122840532},"geometry":{"type":"Point","coordinates":[95.30058063994642,32.90728517441468]}},{"type":"Feature","id":"e45777148604_lbl","properties":{"name":"Safavid Empire","sovereign":"Safavid Empire","sovereignColorKey":"safavid empire","rank":5,"area":194.26363918226895},"geometry":{"type":"Point","coordinates":[60.78673383276972,31.272329361475585]}},{"type":"Feature","id":"eb6e5cc866f9_lbl","properties":{"name":"Đại Việt","sovereign":"Đại Việt","sovereignColorKey":"đại việt","rank":4,"area":23.525674640899204},"geometry":{"type":"Point","coordinates":[105.40813616236804,21.58624156566028]}},{"type":"Feature","id":"4fd65582046e_lbl","properties":{"name":"Cambodia","sovereign":"Cambodia","sovereignColorKey":"cambodia","rank":4,"area":13.822941867616708},"geometry":{"type":"Point","coordinates":[105.37723973712085,11.782866559938235]}},{"type":"Feature","id":"a4c5e809f99d_lbl","properties":{"name":"Laotian states","sovereign":"Laotian states","sovereignColorKey":"laotian states","rank":4,"area":20.697794245754395},"geometry":{"type":"Point","coordinates":[102.58389833888171,19.596063934282107]}},{"type":"Feature","id":"823611a24180_lbl","properties":{"name":"Ayutthaya","sovereign":"Ayutthaya","sovereignColorKey":"ayutthaya","rank":4,"area":37.44105035599071},"geometry":{"type":"Point","coordinates":[102.39189818820117,15.29242094607715]}},{"type":"Feature","id":"f20cac4cd388_lbl","properties":{"name":"Shan states","sovereign":"Shan states","sovereignColorKey":"shan states","rank":4,"area":32.2779903616624},"geometry":{"type":"Point","coordinates":[96.08667528285144,26.07106667375147]}},{"type":"Feature","id":"42dd1b792a13_lbl","properties":{"name":"Ava","sovereign":"Ava","sovereignColorKey":"ava","rank":4,"area":33.137313807176845},"geometry":{"type":"Point","coordinates":[94.56913535638593,22.72997647318403]}},{"type":"Feature","id":"e4bcad940b04_lbl","properties":{"name":"Unknown","sovereign":"Unknown","sovereignColorKey":"unknown","rank":3,"area":2.769595236767555},"geometry":{"type":"Point","coordinates":[7.399920855674469,17.481075439218593]}},{"type":"Feature","id":"e4bcad940b04_lbl","properties":{"name":"Unknown","sovereign":"Unknown","sovereignColorKey":"unknown","rank":3,"area":7.341377796614857},"geometry":{"type":"Point","coordinates":[-12.749429410716294,14.417671503373752]}},{"type":"Feature","id":"132f927fc742_lbl","properties":{"name":"Oman","sovereign":"Oman","sovereignColorKey":"oman","rank":3,"area":3.318452863119262},"geometry":{"type":"Point","coordinates":[58.57783702669111,22.45486660141244]}},{"type":"Feature","id":"e4bcad940b04_lbl","properties":{"name":"Unknown","sovereign":"Unknown","sovereignColorKey":"unknown","rank":4,"area":26.89772193969363},"geometry":{"type":"Point","coordinates":[42.03622469517966,45.05810554523436]}},{"type":"Feature","id":"398f862de257_lbl","properties":{"name":"Florida","sovereign":"Spanish Habsburg","sovereignColorKey":"spanish habsburg","rank":4,"area":17.44586440071874},"geometry":{"type":"Point","coordinates":[-81.55141000408021,28.08741539973117]}},{"type":"Feature","id":"aca11c4cc6c5_lbl","properties":{"name":"South Carolina","sovereign":"South Carolina","sovereignColorKey":"south carolina","rank":2,"area":0.8625217522117268},"geometry":{"type":"Point","coordinates":[-79.19805697280668,33.82012774886988]}},{"type":"Feature","id":"24beefebc1a6_lbl","properties":{"name":"Sardinia-Piedmont","sovereign":"Sardinia-Piedmont","sovereignColorKey":"sardinia-piedmont","rank":3,"area":3.8777318942788415},"geometry":{"type":"Point","coordinates":[6.993335204884647,45.48914664306705]}},{"type":"Feature","id":"a6943006a1b3_lbl","properties":{"name":"Milan","sovereign":"Spanish Habsburg","sovereignColorKey":"spanish habsburg","rank":3,"area":3.17832750589485},"geometry":{"type":"Point","coordinates":[8.977762482474013,45.564147434512456]}},{"type":"Feature","id":"7be8132c058e_lbl","properties":{"name":"Franche-Comté","sovereign":"Spanish Habsburg","sovereignColorKey":"spanish habsburg","rank":3,"area":1.2737179794844196},"geometry":{"type":"Point","coordinates":[6.17499615720768,47.221098423822085]}},{"type":"Feature","id":"2fbf5d1e025d_lbl","properties":{"name":"Swiss Confederation","sovereign":"Swiss Confederation","sovereignColorKey":"swiss confederation","rank":3,"area":4.381452114482966},"geometry":{"type":"Point","coordinates":[8.639571763807751,47.06144654750389]}},{"type":"Feature","id":"c8ace07483f0_lbl","properties":{"name":"France","sovereign":"France","sovereignColorKey":"france","rank":4,"area":56.50249612484816},"geometry":{"type":"Point","coordinates":[1.96626540405706,46.87387455636257]}},{"type":"Feature","id":"0ed82eb29d43_lbl","properties":{"name":"Luxembourg","sovereign":"Luxembourg","sovereignColorKey":"luxembourg","rank":3,"area":7.323272827742411},"geometry":{"type":"Point","coordinates":[4.634345860061741,50.51176874985514]}},{"type":"Feature","id":"11f7dd37fbfd_lbl","properties":{"name":"Venice","sovereign":"Venice","sovereignColorKey":"venice","rank":3,"area":4.794673989146291},"geometry":{"type":"Point","coordinates":[12.712955269450768,46.18921382421165]}},{"type":"Feature","id":"f566f8debca5_lbl","properties":{"name":"Portuguese Brazil","sovereign":"Portugal","sovereignColorKey":"portugal","rank":4,"area":62.43888741005301},"geometry":{"type":"Point","coordinates":[-43.25163359995939,-3.4801508323966344]}},{"type":"Feature","id":"cc7eeca65ad3_lbl","properties":{"name":"Vice Royalty of Peru","sovereign":"Spanish Habsburg","sovereignColorKey":"spanish habsburg","rank":5,"area":331.39296458948246},"geometry":{"type":"Point","coordinates":[-57.126128900046986,-23.185243889582587]}},{"type":"Feature","id":"31a828667633_lbl","properties":{"name":"Essequibo","sovereign":"Essequibo","sovereignColorKey":"essequibo","rank":3,"area":5.094907741072177},"geometry":{"type":"Point","coordinates":[-59.28799021606641,7.255626979977684]}},{"type":"Feature","id":"e4bcad940b04_lbl","properties":{"name":"Unknown","sovereign":"Unknown","sovereignColorKey":"unknown","rank":5,"area":435.64784675623076},"geometry":{"type":"Point","coordinates":[-46.28204977989448,-15.169109101526029]}},{"type":"Feature","id":"4dbf9c699288_lbl","properties":{"name":"Surinam","sovereign":"Surinam","sovereignColorKey":"surinam","rank":3,"area":1.1661203896694996},"geometry":{"type":"Point","coordinates":[-55.09848305264356,5.516823746580371]}},{"type":"Feature","id":"08f255b1a03a_lbl","properties":{"name":"Cayenne","sovereign":"Cayenne","sovereignColorKey":"cayenne","rank":2,"area":0.537846420922445},"geometry":{"type":"Point","coordinates":[-52.83098448535265,4.9564335041001994]}},{"type":"Feature","id":"e7778a560e3f_lbl","properties":{"name":"Virginia","sovereign":"England","sovereignColorKey":"england","rank":3,"area":4.909120975714572},"geometry":{"type":"Point","coordinates":[-75.01131545605747,39.7381517763168]}},{"type":"Feature","id":"74c0e4c6e5f1_lbl","properties":{"name":"Massachusetts Bay","sovereign":"England","sovereignColorKey":"england","rank":3,"area":4.9407744173015935},"geometry":{"type":"Point","coordinates":[-70.71995530111417,43.80511160043857]}},{"type":"Feature","id":"04f7c915f3ae_lbl","properties":{"name":"New France","sovereign":"France","sovereignColorKey":"france","rank":3,"area":6.361210982885506},"geometry":{"type":"Point","coordinates":[-72.0994728636739,46.60700540666632]}},{"type":"Feature","id":"e3384194305a_lbl","properties":{"name":"Polynesians","sovereign":"Polynesians","sovereignColorKey":"polynesians","rank":3,"area":1.2221174091100764},"geometry":{"type":"Point","coordinates":[-155.63641468576859,19.623970281297687]}},{"type":"Feature","id":"21ba851f14b1_lbl","properties":{"name":"Oyo","sovereign":"Oyo","sovereignColorKey":"oyo","rank":3,"area":8.13637261548603},"geometry":{"type":"Point","coordinates":[3.6495520612533348,8.406060770338918]}},{"type":"Feature","id":"2c14ffee5d4c_lbl","properties":{"name":"Benin","sovereign":"Benin","sovereignColorKey":"benin","rank":3,"area":7.342063861517664},"geometry":{"type":"Point","coordinates":[5.8493296034043905,7.198984476177553]}},{"type":"Feature","id":"a82c49327fbc_lbl","properties":{"name":"Akan","sovereign":"Akan","sovereignColorKey":"akan","rank":3,"area":7.69120986046324},"geometry":{"type":"Point","coordinates":[-0.6688773090686956,7.258265889601222]}},{"type":"Feature","id":"8bd885ffb955_lbl","properties":{"name":"Morocco","sovereign":"Morocco","sovereignColorKey":"morocco","rank":5,"area":121.11012099659875},"geometry":{"type":"Point","coordinates":[-5.470781012966345,30.296505158866637]}},{"type":"Feature","id":"b9faaaa88047_lbl","properties":{"name":"Polish–Lithuanian Commonwealth","sovereign":"Polish–Lithuanian Commonwealth","sovereignColorKey":"polish–lithuanian commonwealth","rank":4,"area":93.80941661512547},"geometry":{"type":"Point","coordinates":[26.635906283679315,52.61860004946091]}},{"type":"Feature","id":"e4bcad940b04_lbl","properties":{"name":"Unknown","sovereign":"Unknown","sovereignColorKey":"unknown","rank":4,"area":13.035041268347364},"geometry":{"type":"Point","coordinates":[58.03349975070117,74.69573935122853]}},{"type":"Feature","id":"e2fad411cf83_lbl","properties":{"name":"Post-Ming Warlords","sovereign":"Post-Ming Warlords","sovereignColorKey":"post-ming warlords","rank":4,"area":78.03520405531819},"geometry":{"type":"Point","coordinates":[105.84935758912596,25.884396371196434]}},{"type":"Feature","id":"f30e615ca9e2_lbl","properties":{"name":"Manchu Empire","sovereign":"Manchu Empire","sovereignColorKey":"manchu empire","rank":5,"area":547.874888700268},"geometry":{"type":"Point","coordinates":[110.5215616868995,35.36446814876221]}},{"type":"Feature","id":"e4bcad940b04_lbl","properties":{"name":"Unknown","sovereign":"Unknown","sovereignColorKey":"unknown","rank":5,"area":191.67808717021757},"geometry":{"type":"Point","coordinates":[46.58473021126308,21.292075322177507]}},{"type":"Feature","id":"8b8f852de6c3_lbl","properties":{"name":"Hadramaut","sovereign":"Hadramaut","sovereignColorKey":"hadramaut","rank":4,"area":10.248882162694883},"geometry":{"type":"Point","coordinates":[48.17169164598571,15.31029204269306]}},{"type":"Feature","id":"c4679c488922_lbl","properties":{"name":"Mahra","sovereign":"Mahra","sovereignColorKey":"mahra","rank":3,"area":9.677417722961465},"geometry":{"type":"Point","coordinates":[52.68657466030679,17.554193044745226]}},{"type":"Feature","id":"cd21154e0578_lbl","properties":{"name":"Gharra","sovereign":"Gharra","sovereignColorKey":"gharra","rank":3,"area":8.021639263162328},"geometry":{"type":"Point","coordinates":[55.722297347475525,19.07207643991277]}},{"type":"Feature","id":"13b07ef6b24d_lbl","properties":{"name":"Hindu Kingdoms","sovereign":"Hindu Kingdoms","sovereignColorKey":"hindu kingdoms","rank":4,"area":14.611459589997533},"geometry":{"type":"Point","coordinates":[77.61747381565566,10.867918477667821]}},{"type":"Feature","id":"f5cbbd29184c_lbl","properties":{"name":"Mali","sovereign":"Mali","sovereignColorKey":"mali","rank":4,"area":10.966566573923197},"geometry":{"type":"Point","coordinates":[-8.98451162955147,10.152173859504616]}},{"type":"Feature","id":"e4bcad940b04_lbl","properties":{"name":"Unknown","sovereign":"Unknown","sovereignColorKey":"unknown","rank":6,"area":2259.6598507729313},"geometry":{"type":"Point","coordinates":[22.631878000790383,3.6261619064927473]}},{"type":"Feature","id":"5cb88bf45af5_lbl","properties":{"name":"Holy Roman Empire","sovereign":"Holy Roman Empire","sovereignColorKey":"holy roman empire","rank":4,"area":76.82965988944079},"geometry":{"type":"Point","coordinates":[11.786432901885162,50.27488421874621]}},{"type":"Feature","id":"acc51609be78_lbl","properties":{"name":"Scottalnd","sovereign":"Scottalnd","sovereignColorKey":"scottalnd","rank":3,"area":9.033583687179535},"geometry":{"type":"Point","coordinates":[-4.346396174820679,56.86980517955188]}},{"type":"Feature","id":"0a6e0607fab1_lbl","properties":{"name":"Atakapa","sovereign":"Atakapa","sovereignColorKey":"atakapa","rank":3,"area":4.434073436622967},"geometry":{"type":"Point","coordinates":[-94.2551991955029,30.19651174406488]}},{"type":"Feature","id":"0a6e0607fab1_lbl","properties":{"name":"Atakapa","sovereign":"Atakapa","sovereignColorKey":"atakapa","rank":3,"area":2.03434424641447},"geometry":{"type":"Point","coordinates":[-96.23660953989553,28.999155249977886]}},{"type":"Feature","id":"189c0ec03106_lbl","properties":{"name":"Shawnee","sovereign":"Shawnee","sovereignColorKey":"shawnee","rank":4,"area":17.655377709991235},"geometry":{"type":"Point","coordinates":[-85.57875505212422,37.43035711964913]}},{"type":"Feature","id":"1e74898bc52b_lbl","properties":{"name":"Chtimacha","sovereign":"Chtimacha","sovereignColorKey":"chtimacha","rank":3,"area":1.513200837162536},"geometry":{"type":"Point","coordinates":[-90.56047023891381,29.595797401989635]}},{"type":"Feature","id":"d064ba8af284_lbl","properties":{"name":"Comanche","sovereign":"Comanche","sovereignColorKey":"comanche","rank":4,"area":20.92397982819665},"geometry":{"type":"Point","coordinates":[-101.97622068217393,33.80294701517243]}},{"type":"Feature","id":"1e5981035918_lbl","properties":{"name":"Pawnee","sovereign":"Pawnee","sovereignColorKey":"pawnee","rank":4,"area":11.94559354921044},"geometry":{"type":"Point","coordinates":[-98.84650885986105,41.015148376686746]}},{"type":"Feature","id":"bf60336717e5_lbl","properties":{"name":"Cheyenne","sovereign":"Cheyenne","sovereignColorKey":"cheyenne","rank":3,"area":7.348216654631393},"geometry":{"type":"Point","coordinates":[-104.02152352067412,43.74296277452871]}},{"type":"Feature","id":"92bd2ee4a12f_lbl","properties":{"name":"Alabama","sovereign":"Alabama","sovereignColorKey":"alabama","rank":3,"area":1.6076229634628287},"geometry":{"type":"Point","coordinates":[-86.48276567554709,32.406006158072614]}},{"type":"Feature","id":"ff017a27c573_lbl","properties":{"name":"Tunica","sovereign":"Tunica","sovereignColorKey":"tunica","rank":3,"area":1.3812120188683261},"geometry":{"type":"Point","coordinates":[-91.10428225059204,32.46030371822812]}},{"type":"Feature","id":"7fad49ba46c7_lbl","properties":{"name":"Crow","sovereign":"Crow","sovereignColorKey":"crow","rank":4,"area":19.959540641533764},"geometry":{"type":"Point","coordinates":[-106.6553191941632,45.90267329490527]}},{"type":"Feature","id":"a2ce3d4a0bcc_lbl","properties":{"name":"Wichita","sovereign":"Wichita","sovereignColorKey":"wichita","rank":4,"area":11.77539402111137},"geometry":{"type":"Point","coordinates":[-97.89602822697718,33.40462989502713]}},{"type":"Feature","id":"76366c71d5e8_lbl","properties":{"name":"Potawatomi","sovereign":"Potawatomi","sovereignColorKey":"potawatomi","rank":3,"area":9.62808703509539},"geometry":{"type":"Point","coordinates":[-85.15781503576632,43.44418426280705]}},{"type":"Feature","id":"cdbbd8a4142e_lbl","properties":{"name":"Illinnois","sovereign":"Illinnois","sovereignColorKey":"illinnois","rank":4,"area":23.437917863042802},"geometry":{"type":"Point","coordinates":[-89.7647318696099,40.01944752252011]}},{"type":"Feature","id":"602d01d77d2e_lbl","properties":{"name":"Miami","sovereign":"Miami","sovereignColorKey":"miami","rank":3,"area":4.884805707204386},"geometry":{"type":"Point","coordinates":[-86.09895454941855,41.21075820197945]}},{"type":"Feature","id":"78211a9cfcda_lbl","properties":{"name":"Erie","sovereign":"Erie","sovereignColorKey":"erie","rank":4,"area":12.558056926539075},"geometry":{"type":"Point","coordinates":[-79.32412361271227,41.37858909095529]}},{"type":"Feature","id":"79c26f8fc0dd_lbl","properties":{"name":"Winebago","sovereign":"Winebago","sovereignColorKey":"winebago","rank":3,"area":1.3539788100321672},"geometry":{"type":"Point","coordinates":[-88.13813814211473,43.63061388599871]}},{"type":"Feature","id":"cc2ba2153aa1_lbl","properties":{"name":"Arapaho","sovereign":"Arapaho","sovereignColorKey":"arapaho","rank":4,"area":20.20501617533141},"geometry":{"type":"Point","coordinates":[-102.02917027700845,39.34739201378059]}},{"type":"Feature","id":"db8caf46aa3a_lbl","properties":{"name":"Kiowa","sovereign":"Kiowa","sovereignColorKey":"kiowa","rank":4,"area":16.008991118083607},"geometry":{"type":"Point","coordinates":[-98.62832886000314,36.99833312900761]}},{"type":"Feature","id":"628fc91a1fbc_lbl","properties":{"name":"Tonkawa","sovereign":"Tonkawa","sovereignColorKey":"tonkawa","rank":3,"area":7.812276389072893},"geometry":{"type":"Point","coordinates":[-96.71487824657332,30.390076813821434]}},{"type":"Feature","id":"48509cdb6cb1_lbl","properties":{"name":"Nez Perce","sovereign":"Nez Perce","sovereignColorKey":"nez perce","rank":3,"area":5.546565813223623},"geometry":{"type":"Point","coordinates":[-116.12606016572353,45.78529486418845]}},{"type":"Feature","id":"59af8cbe83a0_lbl","properties":{"name":"Arikara","sovereign":"Arikara","sovereignColorKey":"arikara","rank":3,"area":1.6145526185585766},"geometry":{"type":"Point","coordinates":[-100.6252948550142,45.362176462645344]}},{"type":"Feature","id":"d6c565fc3d13_lbl","properties":{"name":"Kalispel","sovereign":"Kalispel","sovereignColorKey":"kalispel","rank":3,"area":1.7192697318914583},"geometry":{"type":"Point","coordinates":[-116.66858565801662,48.212449114164336]}},{"type":"Feature","id":"8f278b80df72_lbl","properties":{"name":"Yakima","sovereign":"Yakima","sovereignColorKey":"yakima","rank":3,"area":2.233048766518596},"geometry":{"type":"Point","coordinates":[-120.23090842735589,46.364937966223465]}},{"type":"Feature","id":"89ec78d9b397_lbl","properties":{"name":"Menomini","sovereign":"Menomini","sovereignColorKey":"menomini","rank":3,"area":3.5409872763692647},"geometry":{"type":"Point","coordinates":[-87.73544024748362,45.816742409797484]}},{"type":"Feature","id":"b197f828f2b6_lbl","properties":{"name":"Yankton","sovereign":"Yankton","sovereignColorKey":"yankton","rank":3,"area":9.354945798557619},"geometry":{"type":"Point","coordinates":[-96.33137132535542,43.55443352503293]}},{"type":"Feature","id":"e4bcad940b04_lbl","properties":{"name":"Unknown","sovereign":"Unknown","sovereignColorKey":"unknown","rank":1,"area":0.04618286687299952},"geometry":{"type":"Point","coordinates":[-61.891113,16.989719]}},{"type":"Feature","id":"2f14df1d0cce_lbl","properties":{"name":"Guanches","sovereign":"Guanches","sovereignColorKey":"guanches","rank":2,"area":0.8012739593844764},"geometry":{"type":"Point","coordinates":[-13.892446335734995,28.655505069146084]}},{"type":"Feature","id":"e4bcad940b04_lbl","properties":{"name":"Unknown","sovereign":"Unknown","sovereignColorKey":"unknown","rank":-13,"area":1.1102230246251565e-16},"geometry":{"type":"Point","coordinates":[-92.22781082669141,29.80209120364551]}},{"type":"Feature","id":"e4bcad940b04_lbl","properties":{"name":"Unknown","sovereign":"Unknown","sovereignColorKey":"unknown","rank":0,"area":0.007040013874949125},"geometry":{"type":"Point","coordinates":[-96.1462537462188,33.32458816032954]}},{"type":"Feature","id":"e4bcad940b04_lbl","properties":{"name":"Unknown","sovereign":"Unknown","sovereignColorKey":"unknown","rank":1,"area":0.012906692104067474},"geometry":{"type":"Point","coordinates":[-96.52494582445085,32.79786190624372]}},{"type":"Feature","id":"e4bcad940b04_lbl","properties":{"name":"Unknown","sovereign":"Unknown","sovereignColorKey":"unknown","rank":0,"area":0.001961386264692777},"geometry":{"type":"Point","coordinates":[-101.26720334204992,41.01571716886945]}},{"type":"Feature","id":"e4bcad940b04_lbl","properties":{"name":"Unknown","sovereign":"Unknown","sovereignColorKey":"unknown","rank":3,"area":3.6182849678735085},"geometry":{"type":"Point","coordinates":[-125.81243740165023,49.723452105178666]}},{"type":"Feature","id":"e4bcad940b04_lbl","properties":{"name":"Unknown","sovereign":"Unknown","sovereignColorKey":"unknown","rank":3,"area":2.668941573967464},"geometry":{"type":"Point","coordinates":[-97.43980881253125,69.17290838809376]}},{"type":"Feature","id":"e4bcad940b04_lbl","properties":{"name":"Unknown","sovereign":"Unknown","sovereignColorKey":"unknown","rank":3,"area":7.178816731917347},"geometry":{"type":"Point","coordinates":[-84.7572321561897,64.1892882213152]}},{"type":"Feature","id":"e4bcad940b04_lbl","properties":{"name":"Unknown","sovereign":"Unknown","sovereignColorKey":"unknown","rank":3,"area":1.8163375145522949},"geometry":{"type":"Point","coordinates":[-76.1835221914375,67.79593618960743]}},{"type":"Feature","id":"e4bcad940b04_lbl","properties":{"name":"Unknown","sovereign":"Unknown","sovereignColorKey":"unknown","rank":3,"area":6.531917286002174},"geometry":{"type":"Point","coordinates":[-92.92794224301221,73.42289789767628]}},{"type":"Feature","id":"e4bcad940b04_lbl","properties":{"name":"Unknown","sovereign":"Unknown","sovereignColorKey":"unknown","rank":4,"area":14.3814645393708},"geometry":{"type":"Point","coordinates":[-82.31898018399121,75.31961210818653]}},{"type":"Feature","id":"e4bcad940b04_lbl","properties":{"name":"Unknown","sovereign":"Unknown","sovereignColorKey":"unknown","rank":3,"area":1.2564215956954303},"geometry":{"type":"Point","coordinates":[-95.20163055935743,76.72003134341603]}},{"type":"Feature","id":"e4bcad940b04_lbl","properties":{"name":"Unknown","sovereign":"Unknown","sovereignColorKey":"unknown","rank":3,"area":4.661472624778998},"geometry":{"type":"Point","coordinates":[-98.54928299466016,75.88093145938282]}},{"type":"Feature","id":"e4bcad940b04_lbl","properties":{"name":"Unknown","sovereign":"Unknown","sovereignColorKey":"unknown","rank":3,"area":4.844155811035289},"geometry":{"type":"Point","coordinates":[-120.52713390866163,76.56206949801808]}},{"type":"Feature","id":"e4bcad940b04_lbl","properties":{"name":"Unknown","sovereign":"Unknown","sovereignColorKey":"unknown","rank":3,"area":1.3677049817924871},"geometry":{"type":"Point","coordinates":[-112.349904027375,77.75332220645313]}},{"type":"Feature","id":"e4bcad940b04_lbl","properties":{"name":"Unknown","sovereign":"Unknown","sovereignColorKey":"unknown","rank":3,"area":4.455764920130608},"geometry":{"type":"Point","coordinates":[-100.06451698819043,78.20883711429005]}},{"type":"Feature","id":"e4bcad940b04_lbl","properties":{"name":"Unknown","sovereign":"Unknown","sovereignColorKey":"unknown","rank":3,"area":1.8220739669341235},"geometry":{"type":"Point","coordinates":[-97.21466537991407,78.41012152285938]}},{"type":"Feature","id":"e4bcad940b04_lbl","properties":{"name":"Unknown","sovereign":"Unknown","sovereignColorKey":"unknown","rank":4,"area":85.04630903207205},"geometry":{"type":"Point","coordinates":[-72.13817497769239,81.44146116824513]}},{"type":"Feature","id":"e4bcad940b04_lbl","properties":{"name":"Unknown","sovereign":"Unknown","sovereignColorKey":"unknown","rank":4,"area":16.77531775569075},"geometry":{"type":"Point","coordinates":[-92.41697832623365,80.44694527240162]}},{"type":"Feature","id":"e4bcad940b04_lbl","properties":{"name":"Unknown","sovereign":"Unknown","sovereignColorKey":"unknown","rank":4,"area":51.17239481766585},"geometry":{"type":"Point","coordinates":[-109.69702860394361,70.68626125903492]}},{"type":"Feature","id":"e4bcad940b04_lbl","properties":{"name":"Unknown","sovereign":"Unknown","sovereignColorKey":"unknown","rank":3,"area":8.2729545397742},"geometry":{"type":"Point","coordinates":[-99.03883192995363,72.69232760211784]}},{"type":"Feature","id":"e4bcad940b04_lbl","properties":{"name":"Unknown","sovereign":"Unknown","sovereignColorKey":"unknown","rank":4,"area":18.395634911197718},"geometry":{"type":"Point","coordinates":[-122.68433472195508,72.648368440584]}},{"type":"Feature","id":"e4bcad940b04_lbl","properties":{"name":"Unknown","sovereign":"Unknown","sovereignColorKey":"unknown","rank":4,"area":11.967531500267786},"geometry":{"type":"Point","coordinates":[-114.72902580777051,75.98175963015919]}},{"type":"Feature","id":"178643673683_lbl","properties":{"name":"Mi'kma'ki","sovereign":"Mi'kma'ki","sovereignColorKey":"mi'kma'ki","rank":4,"area":26.752073135885517},"geometry":{"type":"Point","coordinates":[-65.74675796219712,46.196745716050906]}},{"type":"Feature","id":"7530a6168cd1_lbl","properties":{"name":"Maiou","sovereign":"Maiou","sovereignColorKey":"maiou","rank":3,"area":1.7878598686946923},"geometry":{"type":"Point","coordinates":[-120.75993875949504,40.27010369315992]}},{"type":"Feature","id":"577924573933_lbl","properties":{"name":"Miwok","sovereign":"Miwok","sovereignColorKey":"miwok","rank":3,"area":1.970593927813841},"geometry":{"type":"Point","coordinates":[-120.79608283295518,38.50532936549067]}},{"type":"Feature","id":"25dde297728d_lbl","properties":{"name":"Kalapuya","sovereign":"Kalapuya","sovereignColorKey":"kalapuya","rank":3,"area":2.011828795122028},"geometry":{"type":"Point","coordinates":[-123.14988867250902,44.72022984150861]}},{"type":"Feature","id":"12162be592c9_lbl","properties":{"name":"Modoc","sovereign":"Modoc","sovereignColorKey":"modoc","rank":3,"area":1.0064135029680819},"geometry":{"type":"Point","coordinates":[-121.37166039551671,41.897130191842244]}},{"type":"Feature","id":"e4bcad940b04_lbl","properties":{"name":"Unknown","sovereign":"Unknown","sovereignColorKey":"unknown","rank":1,"area":0.03734947674099809},"geometry":{"type":"Point","coordinates":[-59.659447,13.050554]}},{"type":"Feature","id":"e4bcad940b04_lbl","properties":{"name":"Unknown","sovereign":"Unknown","sovereignColorKey":"unknown","rank":1,"area":0.064411496567498},"geometry":{"type":"Point","coordinates":[-61.491394,15.198055]}},{"type":"Feature","id":"e4bcad940b04_lbl","properties":{"name":"Unknown","sovereign":"Unknown","sovereignColorKey":"unknown","rank":1,"area":0.03434234823749732},"geometry":{"type":"Point","coordinates":[-61.789726,11.996387]}},{"type":"Feature","id":"e4bcad940b04_lbl","properties":{"name":"Unknown","sovereign":"Unknown","sovereignColorKey":"unknown","rank":1,"area":0.09650606865350256},"geometry":{"type":"Point","coordinates":[-61.231674,14.402777]}},{"type":"Feature","id":"e4bcad940b04_lbl","properties":{"name":"Unknown","sovereign":"Unknown","sovereignColorKey":"unknown","rank":0,"area":0.009755851158000622},"geometry":{"type":"Point","coordinates":[-62.237228,16.671387]}},{"type":"Feature","id":"e4bcad940b04_lbl","properties":{"name":"Unknown","sovereign":"Unknown","sovereignColorKey":"unknown","rank":0,"area":0.008086826846999795},"geometry":{"type":"Point","coordinates":[-63.167778,18.164444]}},{"type":"Feature","id":"e4bcad940b04_lbl","properties":{"name":"Unknown","sovereign":"Unknown","sovereignColorKey":"unknown","rank":1,"area":0.02503275207250391},"geometry":{"type":"Point","coordinates":[-62.863892,17.208885]}},{"type":"Feature","id":"e4bcad940b04_lbl","properties":{"name":"Unknown","sovereign":"Unknown","sovereignColorKey":"unknown","rank":1,"area":0.05324385962350141},"geometry":{"type":"Point","coordinates":[-61.079727,13.709444]}},{"type":"Feature","id":"e4bcad940b04_lbl","properties":{"name":"Unknown","sovereign":"Unknown","sovereignColorKey":"unknown","rank":1,"area":0.032581813042505015},"geometry":{"type":"Point","coordinates":[-61.281395,13.130278]}},{"type":"Feature","id":"e4bcad940b04_lbl","properties":{"name":"Unknown","sovereign":"Unknown","sovereignColorKey":"unknown","rank":1,"area":0.03031154044000632},"geometry":{"type":"Point","coordinates":[-64.896118,17.676666000000125]}},{"type":"Feature","id":"e4bcad940b04_lbl","properties":{"name":"Unknown","sovereign":"Unknown","sovereignColorKey":"unknown","rank":2,"area":0.1448415611119941},"geometry":{"type":"Point","coordinates":[-61.5008355,16.230276000000053]}},{"type":"Feature","id":"e4bcad940b04_lbl","properties":{"name":"Unknown","sovereign":"Unknown","sovereignColorKey":"unknown","rank":1,"area":0.06815292892999542},"geometry":{"type":"Point","coordinates":[-69.16362,12.040277000000117]}},{"type":"Feature","id":"e4bcad940b04_lbl","properties":{"name":"Unknown","sovereign":"Unknown","sovereignColorKey":"unknown","rank":0,"area":0.004869947433006616},"geometry":{"type":"Point","coordinates":[-63.146667,18.058601]}},{"type":"Feature","id":"e4bcad940b04_lbl","properties":{"name":"Unknown","sovereign":"Unknown","sovereignColorKey":"unknown","rank":0,"area":0.004696033028500024},"geometry":{"type":"Point","coordinates":[-63.139839,18.015553]}},{"type":"Feature","id":"fd77eda2623a_lbl","properties":{"name":"Serano","sovereign":"Serano","sovereignColorKey":"serano","rank":3,"area":3.0887642514882465},"geometry":{"type":"Point","coordinates":[-117.11402152984866,34.805783186376736]}},{"type":"Feature","id":"28228d301819_lbl","properties":{"name":"Pomo","sovereign":"Pomo","sovereignColorKey":"pomo","rank":3,"area":1.062685749820801},"geometry":{"type":"Point","coordinates":[-123.31184595879989,39.18634218836338]}},{"type":"Feature","id":"ac14e8ea8920_lbl","properties":{"name":"Shoshoni","sovereign":"Shoshoni","sovereignColorKey":"shoshoni","rank":4,"area":56.056033510660626},"geometry":{"type":"Point","coordinates":[-113.46336011857342,42.78837413027834]}},{"type":"Feature","id":"7c697fd5f4da_lbl","properties":{"name":"Yokuts","sovereign":"Yokuts","sovereignColorKey":"yokuts","rank":3,"area":4.658094340712765},"geometry":{"type":"Point","coordinates":[-119.95061083841017,36.718115374040664]}},{"type":"Feature","id":"63cfd2afa64c_lbl","properties":{"name":"Kawahsu","sovereign":"Kawahsu","sovereignColorKey":"kawahsu","rank":3,"area":1.4343633750066473},"geometry":{"type":"Point","coordinates":[-117.17790897413072,35.7279686120654]}},{"type":"Feature","id":"abdf321cfd41_lbl","properties":{"name":"Shuar","sovereign":"Shuar","sovereignColorKey":"shuar","rank":3,"area":1.3344219712451526},"geometry":{"type":"Point","coordinates":[-77.88192496050249,-2.410844254038579]}},{"type":"Feature","id":"aedd215ef0f8_lbl","properties":{"name":"Lipan","sovereign":"Lipan","sovereignColorKey":"lipan","rank":3,"area":5.474810163350952},"geometry":{"type":"Point","coordinates":[-99.831824167432,29.68429767336967]}},{"type":"Feature","id":"bd244187dc83_lbl","properties":{"name":"Caddo","sovereign":"Caddo","sovereignColorKey":"caddo","rank":4,"area":12.222545870532052},"geometry":{"type":"Point","coordinates":[-93.34732978314358,33.20312865757138]}},{"type":"Feature","id":"bcf9c601993d_lbl","properties":{"name":"Kansa","sovereign":"Kansa","sovereignColorKey":"kansa","rank":3,"area":3.9764353378235953},"geometry":{"type":"Point","coordinates":[-96.82964576899238,39.2717327417795]}},{"type":"Feature","id":"1de347eb7844_lbl","properties":{"name":"Osage","sovereign":"Osage","sovereignColorKey":"osage","rank":4,"area":21.405239087643253},"geometry":{"type":"Point","coordinates":[-94.24910245894424,36.71518075652035]}},{"type":"Feature","id":"c8f5b8da562c_lbl","properties":{"name":"Quapaw","sovereign":"Quapaw","sovereignColorKey":"quapaw","rank":3,"area":8.140930566435792},"geometry":{"type":"Point","coordinates":[-90.97502440535048,35.06619994618023]}},{"type":"Feature","id":"e4bcad940b04_lbl","properties":{"name":"Unknown","sovereign":"Unknown","sovereignColorKey":"unknown","rank":2,"area":0.9874844366284066},"geometry":{"type":"Point","coordinates":[-101.03505106887808,47.21604325146819]}},{"type":"Feature","id":"67fcba70ab48_lbl","properties":{"name":"Assiniboin","sovereign":"Assiniboin","sovereignColorKey":"assiniboin","rank":4,"area":42.91103641658265},"geometry":{"type":"Point","coordinates":[-102.79352106010501,50.14625822413926]}},{"type":"Feature","id":"82748873f340_lbl","properties":{"name":"Blackfoot","sovereign":"Blackfoot","sovereignColorKey":"blackfoot","rank":4,"area":14.114066270025914},"geometry":{"type":"Point","coordinates":[-111.89618149877289,48.54854579003869]}},{"type":"Feature","id":"8522c78841c2_lbl","properties":{"name":"Gros Ventre","sovereign":"Gros Ventre","sovereignColorKey":"gros ventre","rank":3,"area":8.64480728318194},"geometry":{"type":"Point","coordinates":[-108.81992127120246,48.49177410581002]}},{"type":"Feature","id":"ca68ed5b0b50_lbl","properties":{"name":"Oto","sovereign":"Oto","sovereignColorKey":"oto","rank":3,"area":1.4823805975525024},"geometry":{"type":"Point","coordinates":[-96.41479676510679,40.58280755816973]}},{"type":"Feature","id":"428185d8a51e_lbl","properties":{"name":"Iowa","sovereign":"Iowa","sovereignColorKey":"iowa","rank":3,"area":8.611140445478252},"geometry":{"type":"Point","coordinates":[-93.71038808633327,41.4933157291338]}},{"type":"Feature","id":"d3da96f67ccf_lbl","properties":{"name":"Santee","sovereign":"Santee","sovereignColorKey":"santee","rank":4,"area":16.34403301117115},"geometry":{"type":"Point","coordinates":[-95.03726580975813,46.08412718817973]}},{"type":"Feature","id":"e1439b931309_lbl","properties":{"name":"Mandan","sovereign":"Mandan","sovereignColorKey":"mandan","rank":2,"area":0.5959024701550462},"geometry":{"type":"Point","coordinates":[-100.84068902872546,46.614502639306544]}},{"type":"Feature","id":"706160950076_lbl","properties":{"name":"Yankontai","sovereign":"Yankontai","sovereignColorKey":"yankontai","rank":4,"area":11.042097889971643},"geometry":{"type":"Point","coordinates":[-98.51411434202531,46.10700189678481]}},{"type":"Feature","id":"42e44ae84c32_lbl","properties":{"name":"Obiwa","sovereign":"Obiwa","sovereignColorKey":"obiwa","rank":4,"area":72.04112683481749},"geometry":{"type":"Point","coordinates":[-92.34158785130084,49.75504244631955]}},{"type":"Feature","id":"e4bcad940b04_lbl","properties":{"name":"Unknown","sovereign":"Unknown","sovereignColorKey":"unknown","rank":3,"area":7.087227065171315},"geometry":{"type":"Point","coordinates":[-114.41978881702586,47.3707810056546]}},{"type":"Feature","id":"e4bcad940b04_lbl","properties":{"name":"Unknown","sovereign":"Unknown","sovereignColorKey":"unknown","rank":3,"area":3.020740885633323},"geometry":{"type":"Point","coordinates":[-116.6743451832888,48.96092000568434]}},{"type":"Feature","id":"e59e219d3441_lbl","properties":{"name":"Hopie","sovereign":"Hopie","sovereignColorKey":"hopie","rank":2,"area":0.8279560140089188},"geometry":{"type":"Point","coordinates":[-110.55965841181997,35.67647558542434]}},{"type":"Feature","id":"e32ce3fe1efc_lbl","properties":{"name":"Yavapai","sovereign":"Yavapai","sovereignColorKey":"yavapai","rank":3,"area":4.371879644335237},"geometry":{"type":"Point","coordinates":[-112.77130147910813,34.04850134648146]}},{"type":"Feature","id":"05150dc51030_lbl","properties":{"name":"Mescalero","sovereign":"Mescalero","sovereignColorKey":"mescalero","rank":4,"area":19.748354598790797},"geometry":{"type":"Point","coordinates":[-105.25884188722188,32.943362795141795]}},{"type":"Feature","id":"00fe274520eb_lbl","properties":{"name":"Jicarilla","sovereign":"Jicarilla","sovereignColorKey":"jicarilla","rank":3,"area":4.027352860652876},"geometry":{"type":"Point","coordinates":[-103.99893453837889,36.566752946744536]}},{"type":"Feature","id":"e4bcad940b04_lbl","properties":{"name":"Unknown","sovereign":"Unknown","sovereignColorKey":"unknown","rank":3,"area":1.8865414699221006},"geometry":{"type":"Point","coordinates":[-113.79497774577067,35.39895715420039]}},{"type":"Feature","id":"b3d57d0ce72b_lbl","properties":{"name":"Ute","sovereign":"Ute","sovereignColorKey":"ute","rank":4,"area":29.863665929242263},"geometry":{"type":"Point","coordinates":[-108.27322381665218,38.9636237356838]}},{"type":"Feature","id":"e4bcad940b04_lbl","properties":{"name":"Unknown","sovereign":"Unknown","sovereignColorKey":"unknown","rank":3,"area":2.9676788012375095},"geometry":{"type":"Point","coordinates":[-115.49218090989055,35.27176336591445]}},{"type":"Feature","id":"f55154d3d7a9_lbl","properties":{"name":"Southern Paiute","sovereign":"Southern Paiute","sovereignColorKey":"southern paiute","rank":4,"area":12.013442043015433},"geometry":{"type":"Point","coordinates":[-113.60409196112907,37.389617290551456]}},{"type":"Feature","id":"e4bcad940b04_lbl","properties":{"name":"Unknown","sovereign":"Unknown","sovereignColorKey":"unknown","rank":3,"area":1.6990115659872473},"geometry":{"type":"Point","coordinates":[-112.34760919177133,35.70332736927689]}},{"type":"Feature","id":"e4bcad940b04_lbl","properties":{"name":"Unknown","sovereign":"Unknown","sovereignColorKey":"unknown","rank":3,"area":1.1224845117219568},"geometry":{"type":"Point","coordinates":[-110.29009826656655,32.46395433021682]}},{"type":"Feature","id":"e4bcad940b04_lbl","properties":{"name":"Unknown","sovereign":"Unknown","sovereignColorKey":"unknown","rank":2,"area":0.5821582998900325},"geometry":{"type":"Point","coordinates":[-111.50674362639465,34.9311809000311]}},{"type":"Feature","id":"e4bcad940b04_lbl","properties":{"name":"Unknown","sovereign":"Unknown","sovereignColorKey":"unknown","rank":2,"area":0.6059650897011872},"geometry":{"type":"Point","coordinates":[-111.07744265155756,34.37209710494972]}},{"type":"Feature","id":"e4bcad940b04_lbl","properties":{"name":"Unknown","sovereign":"Unknown","sovereignColorKey":"unknown","rank":3,"area":1.4626370021193935},"geometry":{"type":"Point","coordinates":[-109.8438630184136,33.458236964045746]}},{"type":"Feature","id":"e4bcad940b04_lbl","properties":{"name":"Unknown","sovereign":"Unknown","sovereignColorKey":"unknown","rank":2,"area":0.42220115745063325},"geometry":{"type":"Point","coordinates":[-110.42659627729842,34.24731821284224]}},{"type":"Feature","id":"e4bcad940b04_lbl","properties":{"name":"Unknown","sovereign":"Unknown","sovereignColorKey":"unknown","rank":2,"area":0.7942715120815844},"geometry":{"type":"Point","coordinates":[-121.95007113564455,47.76204201066346]}},{"type":"Feature","id":"e4bcad940b04_lbl","properties":{"name":"Unknown","sovereign":"Unknown","sovereignColorKey":"unknown","rank":2,"area":0.29694760732660685},"geometry":{"type":"Point","coordinates":[-123.98347207123052,47.42640268392193]}},{"type":"Feature","id":"e4bcad940b04_lbl","properties":{"name":"Unknown","sovereign":"Unknown","sovereignColorKey":"unknown","rank":2,"area":0.5170108446425701},"geometry":{"type":"Point","coordinates":[-123.65046040483051,46.95254991360149]}},{"type":"Feature","id":"e4bcad940b04_lbl","properties":{"name":"Unknown","sovereign":"Unknown","sovereignColorKey":"unknown","rank":2,"area":0.5910515960114546},"geometry":{"type":"Point","coordinates":[-124.22532300621586,42.67835600247801]}},{"type":"Feature","id":"e4bcad940b04_lbl","properties":{"name":"Unknown","sovereign":"Unknown","sovereignColorKey":"unknown","rank":2,"area":0.36693363899651743},"geometry":{"type":"Point","coordinates":[-123.51054924211888,42.41884988345659]}},{"type":"Feature","id":"e4bcad940b04_lbl","properties":{"name":"Unknown","sovereign":"Unknown","sovereignColorKey":"unknown","rank":2,"area":0.36188816634284215},"geometry":{"type":"Point","coordinates":[-123.9337117310522,41.95732269949219]}},{"type":"Feature","id":"e4bcad940b04_lbl","properties":{"name":"Unknown","sovereign":"Unknown","sovereignColorKey":"unknown","rank":2,"area":0.12127047948452585},"geometry":{"type":"Point","coordinates":[-124.34525901598117,40.63039835840139]}},{"type":"Feature","id":"e4bcad940b04_lbl","properties":{"name":"Unknown","sovereign":"Unknown","sovereignColorKey":"unknown","rank":2,"area":0.6294167817622043},"geometry":{"type":"Point","coordinates":[-119.70288907866896,48.33724149789409]}},{"type":"Feature","id":"e4bcad940b04_lbl","properties":{"name":"Unknown","sovereign":"Unknown","sovereignColorKey":"unknown","rank":2,"area":0.6024530867130425},"geometry":{"type":"Point","coordinates":[-120.91911454511562,48.7114861157292]}},{"type":"Feature","id":"e4bcad940b04_lbl","properties":{"name":"Unknown","sovereign":"Unknown","sovereignColorKey":"unknown","rank":1,"area":0.04655601241220264},"geometry":{"type":"Point","coordinates":[-122.14391354487552,46.361312596223684]}},{"type":"Feature","id":"e4bcad940b04_lbl","properties":{"name":"Unknown","sovereign":"Unknown","sovereignColorKey":"unknown","rank":2,"area":0.4098861439412378},"geometry":{"type":"Point","coordinates":[-123.23139247665068,47.24376642925311]}},{"type":"Feature","id":"e4bcad940b04_lbl","properties":{"name":"Unknown","sovereign":"Unknown","sovereignColorKey":"unknown","rank":2,"area":0.7208090204974322},"geometry":{"type":"Point","coordinates":[-121.98413761021382,47.03137871612584]}},{"type":"Feature","id":"e4bcad940b04_lbl","properties":{"name":"Unknown","sovereign":"Unknown","sovereignColorKey":"unknown","rank":3,"area":1.1618762463984922},"geometry":{"type":"Point","coordinates":[-121.47758985714852,46.13880128207005]}},{"type":"Feature","id":"e4bcad940b04_lbl","properties":{"name":"Unknown","sovereign":"Unknown","sovereignColorKey":"unknown","rank":3,"area":1.302823747952031},"geometry":{"type":"Point","coordinates":[-119.57477912219403,47.28588018003626]}},{"type":"Feature","id":"e4bcad940b04_lbl","properties":{"name":"Unknown","sovereign":"Unknown","sovereignColorKey":"unknown","rank":3,"area":1.0378256579419016},"geometry":{"type":"Point","coordinates":[-121.86743003808932,48.5385406021902]}},{"type":"Feature","id":"e4bcad940b04_lbl","properties":{"name":"Unknown","sovereign":"Unknown","sovereignColorKey":"unknown","rank":3,"area":1.8310353952213632},"geometry":{"type":"Point","coordinates":[-120.67824607644509,48.07899276539031]}},{"type":"Feature","id":"e4bcad940b04_lbl","properties":{"name":"Unknown","sovereign":"Unknown","sovereignColorKey":"unknown","rank":3,"area":1.1913108124315102},"geometry":{"type":"Point","coordinates":[-118.21443798677812,48.93963301291564]}},{"type":"Feature","id":"e4bcad940b04_lbl","properties":{"name":"Unknown","sovereign":"Unknown","sovereignColorKey":"unknown","rank":3,"area":1.0217794227084518},"geometry":{"type":"Point","coordinates":[-118.90240132528126,48.147844686650274]}},{"type":"Feature","id":"64dcc6192859_lbl","properties":{"name":"Northern Paiute","sovereign":"Northern Paiute","sovereignColorKey":"northern paiute","rank":4,"area":25.172947737503147},"geometry":{"type":"Point","coordinates":[-118.70112377067268,42.87975044032578]}},{"type":"Feature","id":"e4bcad940b04_lbl","properties":{"name":"Unknown","sovereign":"Unknown","sovereignColorKey":"unknown","rank":3,"area":1.3498308647963562},"geometry":{"type":"Point","coordinates":[-122.71436811386727,46.44356723713994]}},{"type":"Feature","id":"e4bcad940b04_lbl","properties":{"name":"Unknown","sovereign":"Unknown","sovereignColorKey":"unknown","rank":2,"area":0.2969811381612978},"geometry":{"type":"Point","coordinates":[-123.36001523011265,45.89102369580903]}},{"type":"Feature","id":"e4bcad940b04_lbl","properties":{"name":"Unknown","sovereign":"Unknown","sovereignColorKey":"unknown","rank":2,"area":0.5549713227052671},"geometry":{"type":"Point","coordinates":[-123.88499741504131,46.5208063683964]}},{"type":"Feature","id":"e4bcad940b04_lbl","properties":{"name":"Unknown","sovereign":"Unknown","sovereignColorKey":"unknown","rank":2,"area":0.3860252028087885},"geometry":{"type":"Point","coordinates":[-123.94642066367857,43.35109532245633]}},{"type":"Feature","id":"e4bcad940b04_lbl","properties":{"name":"Unknown","sovereign":"Unknown","sovereignColorKey":"unknown","rank":2,"area":0.5318030446177469},"geometry":{"type":"Point","coordinates":[-123.2564078389801,41.69828871446976]}},{"type":"Feature","id":"e4bcad940b04_lbl","properties":{"name":"Unknown","sovereign":"Unknown","sovereignColorKey":"unknown","rank":2,"area":0.6220495159975641},"geometry":{"type":"Point","coordinates":[-122.77128050225772,42.44074932187768]}},{"type":"Feature","id":"e4bcad940b04_lbl","properties":{"name":"Unknown","sovereign":"Unknown","sovereignColorKey":"unknown","rank":2,"area":0.692661277769659},"geometry":{"type":"Point","coordinates":[-123.31012883346634,43.036944852751276]}},{"type":"Feature","id":"e4bcad940b04_lbl","properties":{"name":"Unknown","sovereign":"Unknown","sovereignColorKey":"unknown","rank":2,"area":0.5526759410558508},"geometry":{"type":"Point","coordinates":[-122.40231529842937,43.17122401840784]}},{"type":"Feature","id":"e4bcad940b04_lbl","properties":{"name":"Unknown","sovereign":"Unknown","sovereignColorKey":"unknown","rank":3,"area":1.4057771831691017},"geometry":{"type":"Point","coordinates":[-121.71437177910467,42.66321040551149]}},{"type":"Feature","id":"e4bcad940b04_lbl","properties":{"name":"Unknown","sovereign":"Unknown","sovereignColorKey":"unknown","rank":2,"area":0.4206258525033775},"geometry":{"type":"Point","coordinates":[-123.22592337809333,39.94329298802561]}},{"type":"Feature","id":"e4bcad940b04_lbl","properties":{"name":"Unknown","sovereign":"Unknown","sovereignColorKey":"unknown","rank":3,"area":1.0784100752127799},"geometry":{"type":"Point","coordinates":[-123.74362323939299,40.54301269141168]}},{"type":"Feature","id":"e4bcad940b04_lbl","properties":{"name":"Unknown","sovereign":"Unknown","sovereignColorKey":"unknown","rank":2,"area":0.6544253181917057},"geometry":{"type":"Point","coordinates":[-122.67547996019121,40.81695091498371]}},{"type":"Feature","id":"e4bcad940b04_lbl","properties":{"name":"Unknown","sovereign":"Unknown","sovereignColorKey":"unknown","rank":2,"area":0.7895486736991586},"geometry":{"type":"Point","coordinates":[-122.46473242973046,40.06540920897757]}},{"type":"Feature","id":"e4bcad940b04_lbl","properties":{"name":"Unknown","sovereign":"Unknown","sovereignColorKey":"unknown","rank":2,"area":0.4631025693460673},"geometry":{"type":"Point","coordinates":[-121.83876058473447,40.50516165208194]}},{"type":"Feature","id":"e4bcad940b04_lbl","properties":{"name":"Unknown","sovereign":"Unknown","sovereignColorKey":"unknown","rank":2,"area":0.8280707307799275},"geometry":{"type":"Point","coordinates":[-122.53848350212746,41.59500479432449]}},{"type":"Feature","id":"e4bcad940b04_lbl","properties":{"name":"Unknown","sovereign":"Unknown","sovereignColorKey":"unknown","rank":2,"area":0.15040339116210344},"geometry":{"type":"Point","coordinates":[-123.46202096527048,40.77479801245003]}},{"type":"Feature","id":"e4bcad940b04_lbl","properties":{"name":"Unknown","sovereign":"Unknown","sovereignColorKey":"unknown","rank":2,"area":0.32743841861172757},"geometry":{"type":"Point","coordinates":[-123.90818302225556,41.38669555181975]}},{"type":"Feature","id":"a1435c9368cc_lbl","properties":{"name":"Iroquois","sovereign":"Iroquois","sovereignColorKey":"iroquois","rank":3,"area":9.090239605854771},"geometry":{"type":"Point","coordinates":[-74.75078097142533,43.72653379670939]}},{"type":"Feature","id":"3c53b5da80b8_lbl","properties":{"name":"Fox","sovereign":"Fox","sovereignColorKey":"fox","rank":3,"area":1.927077351244428},"geometry":{"type":"Point","coordinates":[-89.43877207026142,44.49545586588494]}},{"type":"Feature","id":"e4bcad940b04_lbl","properties":{"name":"Unknown","sovereign":"Unknown","sovereignColorKey":"unknown","rank":3,"area":9.769404876343607},"geometry":{"type":"Point","coordinates":[-88.56764999628057,34.85364654189179]}},{"type":"Feature","id":"90ec91d40c46_lbl","properties":{"name":"Cherokee","sovereign":"Cherokee","sovereignColorKey":"cherokee","rank":3,"area":6.5491963227586165},"geometry":{"type":"Point","coordinates":[-84.38396137055172,34.59049799124044]}},{"type":"Feature","id":"995ce9ff6d14_lbl","properties":{"name":"Yuchi","sovereign":"Yuchi","sovereignColorKey":"yuchi","rank":3,"area":2.3629569131755837},"geometry":{"type":"Point","coordinates":[-84.12314454033039,35.820498854080824]}},{"type":"Feature","id":"e4bcad940b04_lbl","properties":{"name":"Unknown","sovereign":"Unknown","sovereignColorKey":"unknown","rank":2,"area":0.7177135104879611},"geometry":{"type":"Point","coordinates":[-89.95066097957681,33.630507696318645]}},{"type":"Feature","id":"e4bcad940b04_lbl","properties":{"name":"Unknown","sovereign":"Unknown","sovereignColorKey":"unknown","rank":3,"area":3.06424648286574},"geometry":{"type":"Point","coordinates":[-85.8149026498289,34.260667568136824]}},{"type":"Feature","id":"730a03177d87_lbl","properties":{"name":"Montagnais Innu","sovereign":"Montagnais Innu","sovereignColorKey":"montagnais innu","rank":4,"area":44.21622696882406},"geometry":{"type":"Point","coordinates":[-62.68661737688339,53.66268178698239]}},{"type":"Feature","id":"e4bcad940b04_lbl","properties":{"name":"Unknown","sovereign":"Unknown","sovereignColorKey":"unknown","rank":5,"area":102.91147968483907},"geometry":{"type":"Point","coordinates":[-122.37737443243248,51.903809865262886]}},{"type":"Feature","id":"e4bcad940b04_lbl","properties":{"name":"Unknown","sovereign":"Unknown","sovereignColorKey":"unknown","rank":5,"area":191.48791638288773},"geometry":{"type":"Point","coordinates":[-73.41015974636126,52.02561995873394]}},{"type":"Feature","id":"e4bcad940b04_lbl","properties":{"name":"Unknown","sovereign":"Unknown","sovereignColorKey":"unknown","rank":4,"area":13.100471288099275},"geometry":{"type":"Point","coordinates":[-98.82776348735923,27.38223270566062]}},{"type":"Feature","id":"e4bcad940b04_lbl","properties":{"name":"Unknown","sovereign":"Unknown","sovereignColorKey":"unknown","rank":3,"area":4.370231193985539},"geometry":{"type":"Point","coordinates":[-114.34603205233152,34.533927718192245]}},{"type":"Feature","id":"e4bcad940b04_lbl","properties":{"name":"Unknown","sovereign":"Unknown","sovereignColorKey":"unknown","rank":3,"area":1.6900332778519802},"geometry":{"type":"Point","coordinates":[-123.91857992465353,44.58432653800396]}},{"type":"Feature","id":"e4bcad940b04_lbl","properties":{"name":"Unknown","sovereign":"Unknown","sovereignColorKey":"unknown","rank":3,"area":1.0655147182652858},"geometry":{"type":"Point","coordinates":[-124.27014824429395,47.92255552859668]}},{"type":"Feature","id":"e4bcad940b04_lbl","properties":{"name":"Unknown","sovereign":"Unknown","sovereignColorKey":"unknown","rank":3,"area":5.114537408076452},"geometry":{"type":"Point","coordinates":[-89.53584376327908,45.91576264092963]}},{"type":"Feature","id":"c25e082eb653_lbl","properties":{"name":"Cayuse","sovereign":"Cayuse","sovereignColorKey":"cayuse","rank":3,"area":1.8201911677258058},"geometry":{"type":"Point","coordinates":[-118.30114089251713,45.48968302015903]}},{"type":"Feature","id":"0cdcea08623b_lbl","properties":{"name":"Missouri","sovereign":"Missouri","sovereignColorKey":"missouri","rank":3,"area":5.155967324119938},"geometry":{"type":"Point","coordinates":[-93.47376449923239,39.51772789637539]}},{"type":"Feature","id":"0796817d9c2f_lbl","properties":{"name":"Omaha","sovereign":"Omaha","sovereignColorKey":"omaha","rank":3,"area":2.054289717161142},"geometry":{"type":"Point","coordinates":[-97.11353416669292,42.142057471567384]}},{"type":"Feature","id":"393c6c8234f3_lbl","properties":{"name":"Ponca","sovereign":"Ponca","sovereignColorKey":"ponca","rank":3,"area":3.366600445140108},"geometry":{"type":"Point","coordinates":[-99.92801635896409,43.32255244261405]}},{"type":"Feature","id":"e4bcad940b04_lbl","properties":{"name":"Unknown","sovereign":"Unknown","sovereignColorKey":"unknown","rank":3,"area":2.4098869420258326},"geometry":{"type":"Point","coordinates":[-89.63459086912403,43.37876211532013]}},{"type":"Feature","id":"2e2b6f820e97_lbl","properties":{"name":"Teton","sovereign":"Teton","sovereignColorKey":"teton","rank":4,"area":15.171948085451135},"geometry":{"type":"Point","coordinates":[-103.17326778593407,46.32619773696353]}},{"type":"Feature","id":"e4bcad940b04_lbl","properties":{"name":"Unknown","sovereign":"Unknown","sovereignColorKey":"unknown","rank":2,"area":0.17158428032161765},"geometry":{"type":"Point","coordinates":[-120.81225152969029,47.27644563342834]}},{"type":"Feature","id":"d774823bfec2_lbl","properties":{"name":"Umatilla","sovereign":"Umatilla","sovereignColorKey":"umatilla","rank":2,"area":0.833356664220885},"geometry":{"type":"Point","coordinates":[-119.56285923461087,45.37709936890652]}},{"type":"Feature","id":"28e79165df09_lbl","properties":{"name":"Tenimo","sovereign":"Tenimo","sovereignColorKey":"tenimo","rank":3,"area":1.9548130284969563},"geometry":{"type":"Point","coordinates":[-120.78762202342376,45.068608262980995]}},{"type":"Feature","id":"e4bcad940b04_lbl","properties":{"name":"Unknown","sovereign":"Unknown","sovereignColorKey":"unknown","rank":3,"area":1.1126207310192096},"geometry":{"type":"Point","coordinates":[-118.15940555721258,46.49721433539192]}},{"type":"Feature","id":"e4bcad940b04_lbl","properties":{"name":"Unknown","sovereign":"Unknown","sovereignColorKey":"unknown","rank":2,"area":0.2883866625228606},"geometry":{"type":"Point","coordinates":[-121.23805149392487,40.60973650520252]}},{"type":"Feature","id":"e4bcad940b04_lbl","properties":{"name":"Unknown","sovereign":"Unknown","sovereignColorKey":"unknown","rank":2,"area":0.32102916975091844},"geometry":{"type":"Point","coordinates":[-121.0215618912384,47.1075124760788]}},{"type":"Feature","id":"e4bcad940b04_lbl","properties":{"name":"Unknown","sovereign":"Unknown","sovereignColorKey":"unknown","rank":2,"area":0.1048764945242624},"geometry":{"type":"Point","coordinates":[-121.51145806826788,45.27881643916385]}},{"type":"Feature","id":"e4bcad940b04_lbl","properties":{"name":"Unknown","sovereign":"Unknown","sovereignColorKey":"unknown","rank":2,"area":0.8477875945151956},"geometry":{"type":"Point","coordinates":[-122.60975873579721,45.39228279252615]}},{"type":"Feature","id":"e4bcad940b04_lbl","properties":{"name":"Unknown","sovereign":"Unknown","sovereignColorKey":"unknown","rank":2,"area":0.5103173942067762},"geometry":{"type":"Point","coordinates":[-122.34352067076668,44.72582677705664]}},{"type":"Feature","id":"e4bcad940b04_lbl","properties":{"name":"Unknown","sovereign":"Unknown","sovereignColorKey":"unknown","rank":3,"area":1.1278392569233766},"geometry":{"type":"Point","coordinates":[-116.81186069579445,47.37767571864586]}},{"type":"Feature","id":"e4bcad940b04_lbl","properties":{"name":"Unknown","sovereign":"Unknown","sovereignColorKey":"unknown","rank":3,"area":1.8127267980040336},"geometry":{"type":"Point","coordinates":[-118.09580151582827,47.45200781699378]}},{"type":"Feature","id":"e4bcad940b04_lbl","properties":{"name":"Unknown","sovereign":"Unknown","sovereignColorKey":"unknown","rank":2,"area":0.7696344973961828},"geometry":{"type":"Point","coordinates":[-119.01628680820609,37.34274090281439]}},{"type":"Feature","id":"e4bcad940b04_lbl","properties":{"name":"Unknown","sovereign":"Unknown","sovereignColorKey":"unknown","rank":2,"area":0.8044517743824571},"geometry":{"type":"Point","coordinates":[-118.31409724444622,36.339298446599855]}},{"type":"Feature","id":"e4bcad940b04_lbl","properties":{"name":"Unknown","sovereign":"Unknown","sovereignColorKey":"unknown","rank":2,"area":0.7036592574584866},"geometry":{"type":"Point","coordinates":[-120.71725982081544,41.384909065867575]}},{"type":"Feature","id":"e4bcad940b04_lbl","properties":{"name":"Unknown","sovereign":"Unknown","sovereignColorKey":"unknown","rank":2,"area":0.19014214211280045},"geometry":{"type":"Point","coordinates":[-121.73874907819773,40.58386864628965]}},{"type":"Feature","id":"e4bcad940b04_lbl","properties":{"name":"Unknown","sovereign":"Unknown","sovereignColorKey":"unknown","rank":2,"area":0.39032259183307794},"geometry":{"type":"Point","coordinates":[-121.65306226217047,41.227476414123274]}},{"type":"Feature","id":"202105c04c64_lbl","properties":{"name":"Tano","sovereign":"Tano","sovereignColorKey":"tano","rank":2,"area":0.4161079257133764},"geometry":{"type":"Point","coordinates":[-105.93967033332851,35.16401289761244]}},{"type":"Feature","id":"e4bcad940b04_lbl","properties":{"name":"Unknown","sovereign":"Unknown","sovereignColorKey":"unknown","rank":3,"area":2.724029933811863},"geometry":{"type":"Point","coordinates":[-105.59753016685856,36.734293338131906]}},{"type":"Feature","id":"e4bcad940b04_lbl","properties":{"name":"Unknown","sovereign":"Unknown","sovereignColorKey":"unknown","rank":4,"area":17.820902623247036},"geometry":{"type":"Point","coordinates":[-109.43500016065512,30.904725114392523]}},{"type":"Feature","id":"6b96e999e56c_lbl","properties":{"name":"Inupiaq","sovereign":"Inupiaq","sovereignColorKey":"inupiaq","rank":5,"area":118.40442729786156},"geometry":{"type":"Point","coordinates":[-157.0755082914189,67.6530119497412]}},{"type":"Feature","id":"35b179a45971_lbl","properties":{"name":"Suspiaq","sovereign":"Suspiaq","sovereignColorKey":"suspiaq","rank":4,"area":11.724870392709528},"geometry":{"type":"Point","coordinates":[-156.32548748983208,58.28565380101951]}},{"type":"Feature","id":"d4336cc2610e_lbl","properties":{"name":"Yup'ik & Cup'ik","sovereign":"Yup'ik & Cup'ik","sovereignColorKey":"yup'ik & cup'ik","rank":4,"area":35.93708200120733},"geometry":{"type":"Point","coordinates":[-160.18607623239907,60.94361931482955]}},{"type":"Feature","id":"f39ad080723c_lbl","properties":{"name":"Eyaq","sovereign":"Eyaq","sovereignColorKey":"eyaq","rank":4,"area":43.881908237120484},"geometry":{"type":"Point","coordinates":[-131.6358433258441,57.432383968990834]}},{"type":"Feature","id":"6931877d0b7b_lbl","properties":{"name":"T'atsaot'ine","sovereign":"T'atsaot'ine","sovereignColorKey":"t'atsaot'ine","rank":5,"area":345.01894807987276},"geometry":{"type":"Point","coordinates":[-104.20405874726139,63.56348055998315]}},{"type":"Feature","id":"e621a9c11f5a_lbl","properties":{"name":"Cree","sovereign":"Cree","sovereignColorKey":"cree","rank":5,"area":132.09870028164988},"geometry":{"type":"Point","coordinates":[-97.21834551900307,56.08231355120181]}},{"type":"Feature","id":"1d14cee9603d_lbl","properties":{"name":"Naskapi Innu","sovereign":"Naskapi Innu","sovereignColorKey":"naskapi innu","rank":4,"area":56.33362687943878},"geometry":{"type":"Point","coordinates":[-74.17733234912066,59.34554471701266]}},{"type":"Feature","id":"e4bcad940b04_lbl","properties":{"name":"Unknown","sovereign":"Unknown","sovereignColorKey":"unknown","rank":2,"area":0.2131003479550948},"geometry":{"type":"Point","coordinates":[-121.65280867374581,36.44464176850223]}},{"type":"Feature","id":"e4bcad940b04_lbl","properties":{"name":"Unknown","sovereign":"Unknown","sovereignColorKey":"unknown","rank":3,"area":1.4665053435462454},"geometry":{"type":"Point","coordinates":[-122.4295710509358,39.26447466736612]}},{"type":"Feature","id":"e4bcad940b04_lbl","properties":{"name":"Unknown","sovereign":"Unknown","sovereignColorKey":"unknown","rank":2,"area":0.5971087991438981},"geometry":{"type":"Point","coordinates":[-120.63439881574898,39.27432994605634]}},{"type":"Feature","id":"e4bcad940b04_lbl","properties":{"name":"Unknown","sovereign":"Unknown","sovereignColorKey":"unknown","rank":3,"area":2.0974015643696973},"geometry":{"type":"Point","coordinates":[-119.7743278457325,34.90823017745139]}},{"type":"Feature","id":"e4bcad940b04_lbl","properties":{"name":"Unknown","sovereign":"Unknown","sovereignColorKey":"unknown","rank":2,"area":0.19176946390938254},"geometry":{"type":"Point","coordinates":[-122.91343824286936,38.51710425255131]}},{"type":"Feature","id":"e4bcad940b04_lbl","properties":{"name":"Unknown","sovereign":"Unknown","sovereignColorKey":"unknown","rank":3,"area":1.4689063279160344},"geometry":{"type":"Point","coordinates":[-121.77885037473617,37.30524888934123]}},{"type":"Feature","id":"e4bcad940b04_lbl","properties":{"name":"Unknown","sovereign":"Unknown","sovereignColorKey":"unknown","rank":3,"area":1.0683476584744156},"geometry":{"type":"Point","coordinates":[-121.08085745207808,36.028556237033186]}},{"type":"Feature","id":"e4bcad940b04_lbl","properties":{"name":"Unknown","sovereign":"Unknown","sovereignColorKey":"unknown","rank":2,"area":0.43076479068968254},"geometry":{"type":"Point","coordinates":[-122.72996965025477,38.345497441127435]}},{"type":"Feature","id":"e4bcad940b04_lbl","properties":{"name":"Unknown","sovereign":"Unknown","sovereignColorKey":"unknown","rank":2,"area":0.8187151969920414},"geometry":{"type":"Point","coordinates":[-118.08286342360951,34.2130801976998]}},{"type":"Feature","id":"9f77c3ddfe56_lbl","properties":{"name":"Ainu","sovereign":"Ainu","sovereignColorKey":"ainu","rank":3,"area":9.91709066038047},"geometry":{"type":"Point","coordinates":[142.8851690622246,50.14349325747852]}},{"type":"Feature","id":"e4bcad940b04_lbl","properties":{"name":"Unknown","sovereign":"Unknown","sovereignColorKey":"unknown","rank":3,"area":1.3106198746680895},"geometry":{"type":"Point","coordinates":[121.13492827253005,24.65119901014023]}},{"type":"Feature","id":"e48c34b6f577_lbl","properties":{"name":"Middag Kingdom","sovereign":"Manchu Empire","sovereignColorKey":"manchu empire","rank":2,"area":0.16936424768240244},"geometry":{"type":"Point","coordinates":[120.61970809879111,24.10665589688353]}},{"type":"Feature","id":"7a3b854dae9d_lbl","properties":{"name":"Ceylon","sovereign":"Ceylon","sovereignColorKey":"ceylon","rank":3,"area":1.946202419137979},"geometry":{"type":"Point","coordinates":[81.59222606143115,7.137891238705713]}},{"type":"Feature","id":"6be50ea5b0bd_lbl","properties":{"name":"Kandy","sovereign":"Kandy","sovereignColorKey":"kandy","rank":3,"area":1.7689232625265454},"geometry":{"type":"Point","coordinates":[80.71541964525231,7.671243235641203]}},{"type":"Feature","id":"bec6aaf676be_lbl","properties":{"name":"Ceylon (Dutch)","sovereign":"Netherlands","sovereignColorKey":"netherlands","rank":3,"area":1.3404939087491394},"geometry":{"type":"Point","coordinates":[80.4251471465493,6.683867732636953]}},{"type":"Feature","id":"54fab13d491a_lbl","properties":{"name":"Dutch Brazil","sovereign":"Netherlands","sovereignColorKey":"netherlands","rank":4,"area":27.447582651260333},"geometry":{"type":"Point","coordinates":[-47.37723521597436,-1.895662663929873]}},{"type":"Feature","id":"5de89908abfa_lbl","properties":{"name":"New Amsterdam","sovereign":"Netherlands","sovereignColorKey":"netherlands","rank":3,"area":3.801872256498487},"geometry":{"type":"Point","coordinates":[-73.38583661810279,42.31093888893649]}},{"type":"Feature","id":"e4bcad940b04_lbl","properties":{"name":"Unknown","sovereign":"Unknown","sovereignColorKey":"unknown","rank":4,"area":14.839012744995859},"geometry":{"type":"Point","coordinates":[-81.10173766135516,39.199409205028566]}},{"type":"Feature","id":"54f6945ac404_lbl","properties":{"name":"Natchez","sovereign":"Natchez","sovereignColorKey":"natchez","rank":3,"area":2.3755264768723308},"geometry":{"type":"Point","coordinates":[-91.9992436342986,31.312747585871477]}},{"type":"Feature","id":"2ae86c3ef70c_lbl","properties":{"name":"Houma","sovereign":"Houma","sovereignColorKey":"houma","rank":2,"area":0.5389373153806769},"geometry":{"type":"Point","coordinates":[-90.8065128763094,30.995986725394406]}},{"type":"Feature","id":"e4bcad940b04_lbl","properties":{"name":"Unknown","sovereign":"Unknown","sovereignColorKey":"unknown","rank":2,"area":0.22683836967839088},"geometry":{"type":"Point","coordinates":[-77.52441939697748,36.95641455357515]}},{"type":"Feature","id":"e4bcad940b04_lbl","properties":{"name":"Unknown","sovereign":"Unknown","sovereignColorKey":"unknown","rank":2,"area":0.442532705649313},"geometry":{"type":"Point","coordinates":[-89.92919852414099,32.301284343204486]}},{"type":"Feature","id":"e4bcad940b04_lbl","properties":{"name":"Unknown","sovereign":"Unknown","sovereignColorKey":"unknown","rank":2,"area":0.5846778116541458},"geometry":{"type":"Point","coordinates":[-76.37446591281704,35.74670935968368]}},{"type":"Feature","id":"e4bcad940b04_lbl","properties":{"name":"Unknown","sovereign":"Unknown","sovereignColorKey":"unknown","rank":2,"area":0.1829466405604671},"geometry":{"type":"Point","coordinates":[-77.12766976093044,35.037974916414065]}},{"type":"Feature","id":"559202b00d2d_lbl","properties":{"name":"Catawba","sovereign":"Catawba","sovereignColorKey":"catawba","rank":2,"area":0.3570540812631373},"geometry":{"type":"Point","coordinates":[-77.14412530137498,35.00155594930233]}},{"type":"Feature","id":"e4bcad940b04_lbl","properties":{"name":"Unknown","sovereign":"Unknown","sovereignColorKey":"unknown","rank":2,"area":0.29476673501437656},"geometry":{"type":"Point","coordinates":[-76.84982149502096,36.40935732494775]}},{"type":"Feature","id":"e4bcad940b04_lbl","properties":{"name":"Unknown","sovereign":"Unknown","sovereignColorKey":"unknown","rank":2,"area":0.19734603643317072},"geometry":{"type":"Point","coordinates":[-76.70146948776122,36.05694159121875]}},{"type":"Feature","id":"e4bcad940b04_lbl","properties":{"name":"Unknown","sovereign":"Unknown","sovereignColorKey":"unknown","rank":2,"area":0.3266679157771414},"geometry":{"type":"Point","coordinates":[-76.67888182135854,36.8073594090493]}},{"type":"Feature","id":"e4bcad940b04_lbl","properties":{"name":"Unknown","sovereign":"Unknown","sovereignColorKey":"unknown","rank":3,"area":1.6866575891392088},"geometry":{"type":"Point","coordinates":[-77.52334975411321,35.90417571903101]}},{"type":"Feature","id":"e4bcad940b04_lbl","properties":{"name":"Unknown","sovereign":"Unknown","sovereignColorKey":"unknown","rank":4,"area":53.01287135330813},"geometry":{"type":"Point","coordinates":[-82.626891008381,32.994513729508604]}},{"type":"Feature","id":"e877ac6ed2ea_lbl","properties":{"name":"Republic of the Seven Zenden","sovereign":"Republic of the Seven Zenden","sovereignColorKey":"republic of the seven zenden","rank":2,"area":0.4982299830734469},"geometry":{"type":"Point","coordinates":[7.505951010034006,46.15666877372536]}},{"type":"Feature","id":"1f8e1cc7f296_lbl","properties":{"name":"Geneva","sovereign":"Geneva","sovereignColorKey":"geneva","rank":1,"area":0.02394405463169228},"geometry":{"type":"Point","coordinates":[5.941489252654296,46.125533662751955]}},{"type":"Feature","id":"9829007be473_lbl","properties":{"name":"Sahtu","sovereign":"Sahtu","sovereignColorKey":"sahtu","rank":4,"area":69.96958129175663},"geometry":{"type":"Point","coordinates":[-127.57894127690277,65.54967582031226]}},{"type":"Feature","id":"c70eb9d2c544_lbl","properties":{"name":"Tasmanian hunter-gatherers","sovereign":"Tasmanian hunter-gatherers","sovereignColorKey":"tasmanian hunter-gatherers","rank":3,"area":6.458121068833871},"geometry":{"type":"Point","coordinates":[146.50996688316607,-42.28228608493147]}},{"type":"Feature","id":"4c862376c00d_lbl","properties":{"name":"Subarctic forest hunter-gatherers","sovereign":"Subarctic forest hunter-gatherers","sovereignColorKey":"subarctic forest hunter-gatherers","rank":4,"area":73.19646789799447},"geometry":{"type":"Point","coordinates":[-112.33567397671813,54.90173282278863]}},{"type":"Feature","id":"c2d0ce3a451d_lbl","properties":{"name":"Athabascan","sovereign":"Athabascan","sovereignColorKey":"athabascan","rank":5,"area":283.92541383909725},"geometry":{"type":"Point","coordinates":[-123.190339520498,59.085057680643864]}},{"type":"Feature","id":"e4bcad940b04_lbl","properties":{"name":"Unknown","sovereign":"Unknown","sovereignColorKey":"unknown","rank":-11,"area":1.4210854715202004e-14},"geometry":{"type":"Point","coordinates":[-130.11398384565643,63.86968558981642]}},{"type":"Feature","id":"e4bcad940b04_lbl","properties":{"name":"Unknown","sovereign":"Unknown","sovereignColorKey":"unknown","rank":-14,"area":5.431924947820381e-17},"geometry":{"type":"Point","coordinates":[-130.1326447547409,63.23342324986222]}},{"type":"Feature","id":"e4bcad940b04_lbl","properties":{"name":"Unknown","sovereign":"Unknown","sovereignColorKey":"unknown","rank":4,"area":13.316025448665028},"geometry":{"type":"Point","coordinates":[-127.3338328209224,68.94785935622627]}},{"type":"Feature","id":"e4bcad940b04_lbl","properties":{"name":"Unknown","sovereign":"Unknown","sovereignColorKey":"unknown","rank":-12,"area":1.7763568394002505e-15},"geometry":{"type":"Point","coordinates":[-94.75318619290235,59.76290472598438]}},{"type":"Feature","id":"e4bcad940b04_lbl","properties":{"name":"Unknown","sovereign":"Unknown","sovereignColorKey":"unknown","rank":-12,"area":1.7763568394002505e-15},"geometry":{"type":"Point","coordinates":[-82.06906601467969,52.70861013980274]}},{"type":"Feature","id":"e4bcad940b04_lbl","properties":{"name":"Unknown","sovereign":"Unknown","sovereignColorKey":"unknown","rank":-12,"area":1.7763568394002505e-15},"geometry":{"type":"Point","coordinates":[-147.637989964875,60.940311037019534]}},{"type":"Feature","id":"e4bcad940b04_lbl","properties":{"name":"Unknown","sovereign":"Unknown","sovereignColorKey":"unknown","rank":-12,"area":5.329070518200751e-15},"geometry":{"type":"Point","coordinates":[-161.00630661526563,63.85677679629688]}},{"type":"Feature","id":"745e88f93488_lbl","properties":{"name":"Savanna hunter-gatherers","sovereign":"Savanna hunter-gatherers","sovereignColorKey":"savanna hunter-gatherers","rank":5,"area":147.76484312802282},"geometry":{"type":"Point","coordinates":[-63.88486312859492,-23.661117916063542]}},{"type":"Feature","id":"4c2acb9c8b66_lbl","properties":{"name":"Pampas cultures","sovereign":"Pampas cultures","sovereignColorKey":"pampas cultures","rank":5,"area":174.73491219887117},"geometry":{"type":"Point","coordinates":[-64.3583706018715,-35.583850843519244]}},{"type":"Feature","id":"f7df0fccada6_lbl","properties":{"name":"Patagonian shellfish and marine mammal hunters","sovereign":"Patagonian shellfish and marine mammal hunters","sovereignColorKey":"patagonian shellfish and marine mammal hunters","rank":4,"area":31.27850431473526},"geometry":{"type":"Point","coordinates":[-72.61753984977459,-51.003128923218824]}},{"type":"Feature","id":"d245e2952020_lbl","properties":{"name":"Andean hunter-gatherers","sovereign":"Andean hunter-gatherers","sovereignColorKey":"andean hunter-gatherers","rank":3,"area":9.224644496450097},"geometry":{"type":"Point","coordinates":[-68.24465281776875,-32.890812519267456]}},{"type":"Feature","id":"c7a6494f57e6_lbl","properties":{"name":"Amazon hunter-gatherers","sovereign":"Amazon hunter-gatherers","sovereignColorKey":"amazon hunter-gatherers","rank":5,"area":259.0530819875954},"geometry":{"type":"Point","coordinates":[-62.00937602406512,-8.510245147247588]}},{"type":"Feature","id":"1ad037ebd636_lbl","properties":{"name":"Kalaako/Malpa","sovereign":"Kalaako/Malpa","sovereignColorKey":"kalaako/malpa","rank":3,"area":6.086090463209507},"geometry":{"type":"Point","coordinates":[121.77172241828163,-32.06752303911052]}},{"type":"Feature","id":"b4e1b40cf204_lbl","properties":{"name":"Kadjerong","sovereign":"Kadjerong","sovereignColorKey":"kadjerong","rank":2,"area":0.4954721652185512},"geometry":{"type":"Point","coordinates":[128.36269337660167,-15.230913623398353]}},{"type":"Feature","id":"f30e32fb1092_lbl","properties":{"name":"Eora","sovereign":"Eora","sovereignColorKey":"eora","rank":1,"area":0.07893333901821364},"geometry":{"type":"Point","coordinates":[150.883483,-34.009754865687235]}},{"type":"Feature","id":"f1b5f666af7e_lbl","properties":{"name":"Gooniyandi","sovereign":"Gooniyandi","sovereignColorKey":"gooniyandi","rank":2,"area":0.9244640740774983},"geometry":{"type":"Point","coordinates":[126.13403299999999,-18.502445]}},{"type":"Feature","id":"ac6697b0d2cb_lbl","properties":{"name":"Pinikura","sovereign":"Pinikura","sovereignColorKey":"pinikura","rank":2,"area":0.5064273729170061},"geometry":{"type":"Point","coordinates":[116.41835155186358,-22.665675947839265]}},{"type":"Feature","id":"efdf92688b69_lbl","properties":{"name":"Yiiji","sovereign":"Yiiji","sovereignColorKey":"yiiji","rank":2,"area":0.2262476803852067},"geometry":{"type":"Point","coordinates":[127.628173,-15.586001]}},{"type":"Feature","id":"c519778e8378_lbl","properties":{"name":"Ganggalida","sovereign":"Ganggalida","sovereignColorKey":"ganggalida","rank":3,"area":1.108817472299874},"geometry":{"type":"Point","coordinates":[138.62088656205137,-17.419747437948658]}},{"type":"Feature","id":"537d0293f24d_lbl","properties":{"name":"Umpila","sovereign":"Umpila","sovereignColorKey":"umpila","rank":1,"area":0.0629051241437466},"geometry":{"type":"Point","coordinates":[143.311157,-13.848747]}},{"type":"Feature","id":"232c47fa2086_lbl","properties":{"name":"Martuthunira","sovereign":"Martuthunira","sovereignColorKey":"martuthunira","rank":2,"area":0.39906735803941373},"geometry":{"type":"Point","coordinates":[116.69584173710331,-21.09348884315722]}},{"type":"Feature","id":"f8d3fb9ec2fa_lbl","properties":{"name":"Awngthim","sovereign":"Awngthim","sovereignColorKey":"awngthim","rank":2,"area":0.10080511147889482},"geometry":{"type":"Point","coordinates":[141.7640630891689,-12.910875]}},{"type":"Feature","id":"81f99b1704ff_lbl","properties":{"name":"Kuyani","sovereign":"Kuyani","sovereignColorKey":"kuyani","rank":3,"area":3.0388202285134867},"geometry":{"type":"Point","coordinates":[138.053906375,-30.327702625000004]}},{"type":"Feature","id":"8716e17a0c34_lbl","properties":{"name":"Yinhawangka","sovereign":"Yinhawangka","sovereignColorKey":"yinhawangka","rank":3,"area":1.1942562423275263},"geometry":{"type":"Point","coordinates":[117.66325170717434,-23.430378396809132]}},{"type":"Feature","id":"42c24cbcee8c_lbl","properties":{"name":"Wangkumara","sovereign":"Wangkumara","sovereignColorKey":"wangkumara","rank":3,"area":3.8315514613365593},"geometry":{"type":"Point","coordinates":[142.60803199999998,-27.366229999999995]}},{"type":"Feature","id":"ae3a841417cd_lbl","properties":{"name":"Nari Nari","sovereign":"Nari Nari","sovereignColorKey":"nari nari","rank":2,"area":0.5682619005975003},"geometry":{"type":"Point","coordinates":[144.31804979375607,-34.438638573601644]}},{"type":"Feature","id":"5c9baa809558_lbl","properties":{"name":"Wambaya","sovereign":"Wambaya","sovereignColorKey":"wambaya","rank":3,"area":1.65139161001499},"geometry":{"type":"Point","coordinates":[135.90101026196274,-18.150217422596125]}},{"type":"Feature","id":"f4eae66b9b28_lbl","properties":{"name":"Wailwan","sovereign":"Wailwan","sovereignColorKey":"wailwan","rank":3,"area":3.9001210250010168},"geometry":{"type":"Point","coordinates":[147.90055145477064,-30.91113090652896]}},{"type":"Feature","id":"94846beeca2d_lbl","properties":{"name":"Dainggatti","sovereign":"Dainggatti","sovereignColorKey":"dainggatti","rank":2,"area":0.8054357601190372},"geometry":{"type":"Point","coordinates":[152.4089508725814,-30.90396423663532]}},{"type":"Feature","id":"4708f244f020_lbl","properties":{"name":"Andegerebenha","sovereign":"Andegerebenha","sovereignColorKey":"andegerebenha","rank":3,"area":2.5312517997124644},"geometry":{"type":"Point","coordinates":[137.68950011015244,-22.603284858374153]}},{"type":"Feature","id":"ae7abe2e995a_lbl","properties":{"name":"Jabirrjabirr","sovereign":"Jabirrjabirr","sovereignColorKey":"jabirrjabirr","rank":2,"area":0.23173984032587214},"geometry":{"type":"Point","coordinates":[122.1288763581068,-17.3952]}},{"type":"Feature","id":"843ae1291888_lbl","properties":{"name":"Kuwarra","sovereign":"Kuwarra","sovereignColorKey":"kuwarra","rank":3,"area":4.4239004880910375},"geometry":{"type":"Point","coordinates":[120.4033386437269,-28.19622049617623]}},{"type":"Feature","id":"2eed794b2db5_lbl","properties":{"name":"Payungu","sovereign":"Payungu","sovereignColorKey":"payungu","rank":3,"area":1.159961652993851},"geometry":{"type":"Point","coordinates":[114.22656959567928,-23.31303440132565]}},{"type":"Feature","id":"4e584e784b30_lbl","properties":{"name":"Wakaya","sovereign":"Wakaya","sovereignColorKey":"wakaya","rank":3,"area":5.019711964378436},"geometry":{"type":"Point","coordinates":[136.64707700000002,-19.985253999999998]}},{"type":"Feature","id":"01e319c0fed3_lbl","properties":{"name":"Madi Madi","sovereign":"Madi Madi","sovereignColorKey":"madi madi","rank":2,"area":0.8883449025739711},"geometry":{"type":"Point","coordinates":[143.53832395720326,-34.17180142179484]}},{"type":"Feature","id":"dc7f2ce57f9c_lbl","properties":{"name":"Gunu","sovereign":"Gunu","sovereignColorKey":"gunu","rank":2,"area":0.886713903337025},"geometry":{"type":"Point","coordinates":[145.3903195,-29.5968885]}},{"type":"Feature","id":"74c2e7dcf655_lbl","properties":{"name":"Maya","sovereign":"Maya","sovereignColorKey":"maya","rank":3,"area":1.5428018957925822},"geometry":{"type":"Point","coordinates":[114.01597647276364,-24.40820552723635]}},{"type":"Feature","id":"4069d3092bcc_lbl","properties":{"name":"Dyungungoo (Gubbi Gubbi)","sovereign":"Dyungungoo (Gubbi Gubbi)","sovereignColorKey":"dyungungoo (gubbi gubbi)","rank":3,"area":1.539127067648005},"geometry":{"type":"Point","coordinates":[152.103769990689,-25.463547070118313]}},{"type":"Feature","id":"726916f89fbe_lbl","properties":{"name":"Jawoyn","sovereign":"Jawoyn","sovereignColorKey":"jawoyn","rank":3,"area":2.0181061115029504},"geometry":{"type":"Point","coordinates":[132.7587885,-14.0287235]}},{"type":"Feature","id":"f948a31f54ca_lbl","properties":{"name":"Nguburinji","sovereign":"Nguburinji","sovereignColorKey":"nguburinji","rank":3,"area":1.335565987055496},"geometry":{"type":"Point","coordinates":[138.8389966393256,-18.494104518615945]}},{"type":"Feature","id":"3e7a6fc51913_lbl","properties":{"name":"Warumungu","sovereign":"Warumungu","sovereignColorKey":"warumungu","rank":3,"area":7.534110945191976},"geometry":{"type":"Point","coordinates":[134.802996625,-19.067272125000002]}},{"type":"Feature","id":"d3994c331ded_lbl","properties":{"name":"Luritja","sovereign":"Luritja","sovereignColorKey":"luritja","rank":3,"area":6.064389134947092},"geometry":{"type":"Point","coordinates":[132.12493291539056,-24.790583072096858]}},{"type":"Feature","id":"dfbbb1d21f7f_lbl","properties":{"name":"Dja Dja Wurrung","sovereign":"Dja Dja Wurrung","sovereignColorKey":"dja dja wurrung","rank":3,"area":1.7602485345544485},"geometry":{"type":"Point","coordinates":[143.85173928008362,-36.73461510196488]}},{"type":"Feature","id":"e64a6c0ab2bc_lbl","properties":{"name":"Kaytej","sovereign":"Kaytej","sovereignColorKey":"kaytej","rank":3,"area":5.139039191764459},"geometry":{"type":"Point","coordinates":[134.53857299999999,-21.263067]}},{"type":"Feature","id":"c717accf0a1b_lbl","properties":{"name":"Minang","sovereign":"Minang","sovereignColorKey":"minang","rank":3,"area":1.8935990581067177},"geometry":{"type":"Point","coordinates":[117.7624515,-34.73631027719037]}},{"type":"Feature","id":"5456b5bd5f1e_lbl","properties":{"name":"Malkana","sovereign":"Malkana","sovereignColorKey":"malkana","rank":2,"area":0.8349483819090961},"geometry":{"type":"Point","coordinates":[114.59649486985317,-25.89734994710613]}},{"type":"Feature","id":"ef4f8458deea_lbl","properties":{"name":"Yir Yoront","sovereign":"Yir Yoront","sovereignColorKey":"yir yoront","rank":1,"area":0.011500924907011267},"geometry":{"type":"Point","coordinates":[141.64184371630634,-15.347761]}},{"type":"Feature","id":"05ee7a962d04_lbl","properties":{"name":"Yawuru","sovereign":"Yawuru","sovereignColorKey":"yawuru","rank":2,"area":0.38261907204065393},"geometry":{"type":"Point","coordinates":[122.73317381103924,-18.11811856707171]}},{"type":"Feature","id":"a857d74bb0ea_lbl","properties":{"name":"Karangura","sovereign":"Karangura","sovereignColorKey":"karangura","rank":2,"area":0.4590067022270219},"geometry":{"type":"Point","coordinates":[138.47544284615594,-26.182695214015624]}},{"type":"Feature","id":"807d04487b25_lbl","properties":{"name":"Kaniyang","sovereign":"Kaniyang","sovereignColorKey":"kaniyang","rank":3,"area":1.6469133294602614},"geometry":{"type":"Point","coordinates":[116.63401893058833,-33.701822076035675]}},{"type":"Feature","id":"3fffcf57d9df_lbl","properties":{"name":"Meru","sovereign":"Meru","sovereignColorKey":"meru","rank":3,"area":3.6220143734964765},"geometry":{"type":"Point","coordinates":[140.26800037499999,-34.015637625]}},{"type":"Feature","id":"998023889524_lbl","properties":{"name":"Yilba","sovereign":"Yilba","sovereignColorKey":"yilba","rank":3,"area":1.5075995803379758},"geometry":{"type":"Point","coordinates":[146.03546284446855,-20.98900300941816]}},{"type":"Feature","id":"175b6e46890a_lbl","properties":{"name":"Ngarinman","sovereign":"Ngarinman","sovereignColorKey":"ngarinman","rank":3,"area":1.8523063585425383},"geometry":{"type":"Point","coordinates":[130.05746834398494,-16.367310052640992]}},{"type":"Feature","id":"433c55e1f2db_lbl","properties":{"name":"Yawarawarka","sovereign":"Yawarawarka","sovereignColorKey":"yawarawarka","rank":3,"area":2.3343735631972846},"geometry":{"type":"Point","coordinates":[140.86696624064126,-26.922096083901646]}},{"type":"Feature","id":"f4e56ad6f5c3_lbl","properties":{"name":"Jukun","sovereign":"Jukun","sovereignColorKey":"jukun","rank":2,"area":0.1507135395975947},"geometry":{"type":"Point","coordinates":[122.156982,-18.062312]}},{"type":"Feature","id":"5e742490bb99_lbl","properties":{"name":"Nakara","sovereign":"Nakara","sovereignColorKey":"nakara","rank":0,"area":0.008206649452286052},"geometry":{"type":"Point","coordinates":[134.38925453636878,-12.134662]}},{"type":"Feature","id":"dc626766de29_lbl","properties":{"name":"Mara","sovereign":"Mara","sovereignColorKey":"mara","rank":2,"area":0.8003649528547285},"geometry":{"type":"Point","coordinates":[135.05081152665994,-14.94580642002008]}},{"type":"Feature","id":"e0c15dd49182_lbl","properties":{"name":"Maranunggu","sovereign":"Maranunggu","sovereignColorKey":"maranunggu","rank":1,"area":0.06629214717822762},"geometry":{"type":"Point","coordinates":[129.86139302196594,-13.894077]}},{"type":"Feature","id":"23b74fdf8347_lbl","properties":{"name":"Dharawala","sovereign":"Dharawala","sovereignColorKey":"dharawala","rank":3,"area":5.065049631709591},"geometry":{"type":"Point","coordinates":[144.904668625,-25.780201625]}},{"type":"Feature","id":"176071e4913f_lbl","properties":{"name":"Thiin","sovereign":"Thiin","sovereignColorKey":"thiin","rank":3,"area":1.438036224612496},"geometry":{"type":"Point","coordinates":[116.7132565,-23.7723835]}},{"type":"Feature","id":"f5af446fbae3_lbl","properties":{"name":"Doolboong/Miriwoong","sovereign":"Doolboong/Miriwoong","sovereignColorKey":"doolboong/miriwoong","rank":3,"area":1.5440942973554996},"geometry":{"type":"Point","coordinates":[128.993223,-15.698799000000001]}},{"type":"Feature","id":"500e4fd6d322_lbl","properties":{"name":"Warlpiri","sovereign":"Warlpiri","sovereignColorKey":"warlpiri","rank":4,"area":12.048721368450888},"geometry":{"type":"Point","coordinates":[131.72950718750005,-20.5634429375]}},{"type":"Feature","id":"7f81c29d68b8_lbl","properties":{"name":"Kuungkari","sovereign":"Kuungkari","sovereignColorKey":"kuungkari","rank":3,"area":2.8569111689720224},"geometry":{"type":"Point","coordinates":[143.77366700000002,-24.524459999999998]}},{"type":"Feature","id":"583455c0014e_lbl","properties":{"name":"Kureinji","sovereign":"Kureinji","sovereignColorKey":"kureinji","rank":2,"area":0.8248687141285078},"geometry":{"type":"Point","coordinates":[142.57499773194726,-34.2270348007651]}},{"type":"Feature","id":"e43911955874_lbl","properties":{"name":"Dadi Dadi","sovereign":"Dadi Dadi","sovereignColorKey":"dadi dadi","rank":2,"area":0.12460917839249142},"geometry":{"type":"Point","coordinates":[142.893676,-34.863397]}},{"type":"Feature","id":"45a8f07b2844_lbl","properties":{"name":"Kaurna Pangkarra","sovereign":"Kaurna Pangkarra","sovereignColorKey":"kaurna pangkarra","rank":2,"area":0.748819669826311},"geometry":{"type":"Point","coordinates":[138.39202849999998,-34.287870313638074]}},{"type":"Feature","id":"c47278f95de2_lbl","properties":{"name":"Walmatjarri","sovereign":"Walmatjarri","sovereignColorKey":"walmatjarri","rank":3,"area":2.983930700323082},"geometry":{"type":"Point","coordinates":[125.72701447383758,-19.48856541708982]}},{"type":"Feature","id":"124bef59d9d3_lbl","properties":{"name":"Waka Waka","sovereign":"Waka Waka","sovereignColorKey":"waka waka","rank":3,"area":1.7707441845440712},"geometry":{"type":"Point","coordinates":[151.35589525,-25.75894325]}},{"type":"Feature","id":"1cf48c5d5816_lbl","properties":{"name":"Thaayorre","sovereign":"Thaayorre","sovereignColorKey":"thaayorre","rank":2,"area":0.2734877930572637},"geometry":{"type":"Point","coordinates":[141.76749924334078,-14.73458357214777]}},{"type":"Feature","id":"e2ae92bafb86_lbl","properties":{"name":"Jaburrara","sovereign":"Jaburrara","sovereignColorKey":"jaburrara","rank":-1,"area":0.00033784755304910874},"geometry":{"type":"Point","coordinates":[116.75533395512504,-20.797201]}},{"type":"Feature","id":"2bf141bcbf5b_lbl","properties":{"name":"Nyaki-nyaki","sovereign":"Nyaki-nyaki","sovereignColorKey":"nyaki-nyaki","rank":3,"area":4.2852930154684685},"geometry":{"type":"Point","coordinates":[118.86382024516975,-32.25967665256914]}},{"type":"Feature","id":"18237cde309d_lbl","properties":{"name":"Yorta Yorta","sovereign":"Yorta Yorta","sovereignColorKey":"yorta yorta","rank":2,"area":0.7664686704849704},"geometry":{"type":"Point","coordinates":[145.041362,-35.677813]}},{"type":"Feature","id":"6a8e8b30f1ad_lbl","properties":{"name":"Ngarigo","sovereign":"Ngarigo","sovereignColorKey":"ngarigo","rank":3,"area":3.2138486774330035},"geometry":{"type":"Point","coordinates":[148.64751085218018,-36.21628614439151]}},{"type":"Feature","id":"8d37372b8bbe_lbl","properties":{"name":"Muruwari","sovereign":"Muruwari","sovereignColorKey":"muruwari","rank":3,"area":1.9966382639135025},"geometry":{"type":"Point","coordinates":[146.4517830990805,-29.072189346649854]}},{"type":"Feature","id":"0baaf3d8b6ec_lbl","properties":{"name":"Ngarluma","sovereign":"Ngarluma","sovereignColorKey":"ngarluma","rank":2,"area":0.4287616939400589},"geometry":{"type":"Point","coordinates":[117.52112681179729,-20.969796665107218]}},{"type":"Feature","id":"eccc8c8890a7_lbl","properties":{"name":"Mbara","sovereign":"Mbara","sovereignColorKey":"mbara","rank":3,"area":1.732439869952529},"geometry":{"type":"Point","coordinates":[143.43737478931777,-20.061239799076244]}},{"type":"Feature","id":"62d9890fb061_lbl","properties":{"name":"Gumbainggir","sovereign":"Gumbainggir","sovereignColorKey":"gumbainggir","rank":3,"area":1.6945326153123688},"geometry":{"type":"Point","coordinates":[152.3667369285816,-29.95852917508593]}},{"type":"Feature","id":"54f55eea7571_lbl","properties":{"name":"Yinwum","sovereign":"Yinwum","sovereignColorKey":"yinwum","rank":2,"area":0.21505695496801458},"geometry":{"type":"Point","coordinates":[142.577819,-13.11693]}},{"type":"Feature","id":"53e20de2ad11_lbl","properties":{"name":"Marramaninjsji","sovereign":"Marramaninjsji","sovereignColorKey":"marramaninjsji","rank":1,"area":0.033904345863006446},"geometry":{"type":"Point","coordinates":[130.028686,-14.131248]}},{"type":"Feature","id":"5fd6a0122b11_lbl","properties":{"name":"Barna","sovereign":"Barna","sovereignColorKey":"barna","rank":2,"area":0.8243340886924919},"geometry":{"type":"Point","coordinates":[148.158874,-22.1556455]}},{"type":"Feature","id":"9ce19fc24866_lbl","properties":{"name":"Uutaalnganu","sovereign":"Uutaalnganu","sovereignColorKey":"uutaalnganu","rank":2,"area":0.10675916600116864},"geometry":{"type":"Point","coordinates":[143.127136,-13.394963]}},{"type":"Feature","id":"bc43a9e3f8b8_lbl","properties":{"name":"Wergaia","sovereign":"Wergaia","sovereignColorKey":"wergaia","rank":3,"area":4.3066358928385},"geometry":{"type":"Point","coordinates":[142.430796125,-35.453945874999995]}},{"type":"Feature","id":"be039235342a_lbl","properties":{"name":"Punuba","sovereign":"Punuba","sovereignColorKey":"punuba","rank":2,"area":0.4952888937030049},"geometry":{"type":"Point","coordinates":[125.80138996678772,-17.763287419961525]}},{"type":"Feature","id":"13b133c986ee_lbl","properties":{"name":"Warlmanpa","sovereign":"Warlmanpa","sovereignColorKey":"warlmanpa","rank":3,"area":3.1462658654784956},"geometry":{"type":"Point","coordinates":[132.55176056987003,-18.506518937823245]}},{"type":"Feature","id":"1b58cc6e239f_lbl","properties":{"name":"Nguri","sovereign":"Nguri","sovereignColorKey":"nguri","rank":3,"area":1.0085198164455047},"geometry":{"type":"Point","coordinates":[147.83662570383004,-25.650194533500745]}},{"type":"Feature","id":"a6f7ffadb117_lbl","properties":{"name":"Gunggari","sovereign":"Gunggari","sovereignColorKey":"gunggari","rank":3,"area":3.755861273113595},"geometry":{"type":"Point","coordinates":[147.7216044841311,-26.445736334160518]}},{"type":"Feature","id":"c2413d4c6e21_lbl","properties":{"name":"Nganyaywana","sovereign":"Nganyaywana","sovereignColorKey":"nganyaywana","rank":3,"area":1.2143230742164626},"geometry":{"type":"Point","coordinates":[151.37962780791585,-30.493092988750043]}},{"type":"Feature","id":"155cd302a26c_lbl","properties":{"name":"Worla","sovereign":"Worla","sovereignColorKey":"worla","rank":3,"area":1.798699895991465},"geometry":{"type":"Point","coordinates":[126.79858912499999,-17.056041124999997]}},{"type":"Feature","id":"83b8b186bbed_lbl","properties":{"name":"Kalkadoon","sovereign":"Kalkadoon","sovereignColorKey":"kalkadoon","rank":3,"area":2.099223473940034},"geometry":{"type":"Point","coordinates":[139.79821340050412,-20.97132893306787]}},{"type":"Feature","id":"0748b68522b7_lbl","properties":{"name":"Tjupany","sovereign":"Tjupany","sovereignColorKey":"tjupany","rank":3,"area":4.209564030303005},"geometry":{"type":"Point","coordinates":[119.51728625,-26.628626750000002]}},{"type":"Feature","id":"a5ef1e5ef386_lbl","properties":{"name":"Wunumara","sovereign":"Wunumara","sovereignColorKey":"wunumara","rank":3,"area":3.741494185348472},"geometry":{"type":"Point","coordinates":[141.3363815,-20.999356499999998]}},{"type":"Feature","id":"449c72ed9a0f_lbl","properties":{"name":"Yankuntjatjara","sovereign":"Yankuntjatjara","sovereignColorKey":"yankuntjatjara","rank":3,"area":5.99344338900692},"geometry":{"type":"Point","coordinates":[132.02017530935882,-27.084095972311243]}},{"type":"Feature","id":"4809d3a0c90b_lbl","properties":{"name":"Nakako","sovereign":"Nakako","sovereignColorKey":"nakako","rank":3,"area":5.83296886437752},"geometry":{"type":"Point","coordinates":[128.00549337500001,-27.585259625]}},{"type":"Feature","id":"9f193778d2fd_lbl","properties":{"name":"Jaitmatang","sovereign":"Jaitmatang","sovereignColorKey":"jaitmatang","rank":3,"area":1.3783203074969954},"geometry":{"type":"Point","coordinates":[147.700195,-36.949422]}},{"type":"Feature","id":"8a1d25249808_lbl","properties":{"name":"Mandjindja","sovereign":"Mandjindja","sovereignColorKey":"mandjindja","rank":3,"area":6.451801532081024},"geometry":{"type":"Point","coordinates":[125.9046805038822,-27.391932617212717]}},{"type":"Feature","id":"1891f99b0efa_lbl","properties":{"name":"Ngalea","sovereign":"Ngalea","sovereignColorKey":"ngalea","rank":3,"area":4.061067309977972},"geometry":{"type":"Point","coordinates":[129.07132712718118,-29.195513797193296]}},{"type":"Feature","id":"0a3ac677cdbb_lbl","properties":{"name":"Wurundjeri","sovereign":"Wurundjeri","sovereignColorKey":"wurundjeri","rank":3,"area":1.7604653564154695},"geometry":{"type":"Point","coordinates":[145.37993954719366,-37.684443427237184]}},{"type":"Feature","id":"2d0a63349c3e_lbl","properties":{"name":"Kariyarra","sovereign":"Kariyarra","sovereignColorKey":"kariyarra","rank":3,"area":1.0730542871989392},"geometry":{"type":"Point","coordinates":[118.37955306082728,-20.95219426115121]}},{"type":"Feature","id":"263366dede17_lbl","properties":{"name":"Gadubanud","sovereign":"Gadubanud","sovereignColorKey":"gadubanud","rank":2,"area":0.2810106273399984},"geometry":{"type":"Point","coordinates":[143.67919899999998,-38.65072]}},{"type":"Feature","id":"6df578da980f_lbl","properties":{"name":"Ngurraiillam","sovereign":"Ngurraiillam","sovereignColorKey":"ngurraiillam","rank":2,"area":0.4965261702860104},"geometry":{"type":"Point","coordinates":[145.129394,-36.3832255]}},{"type":"Feature","id":"ff8fabc9bec1_lbl","properties":{"name":"Nyul Nyul","sovereign":"Nyul Nyul","sovereignColorKey":"nyul nyul","rank":2,"area":0.12213227891727296},"geometry":{"type":"Point","coordinates":[122.54289516987875,-17.038403]}},{"type":"Feature","id":"fd758735d55f_lbl","properties":{"name":"Taungurung","sovereign":"Taungurung","sovereignColorKey":"taungurung","rank":3,"area":1.9482693095884898},"geometry":{"type":"Point","coordinates":[145.55917185943272,-36.90533308637176]}},{"type":"Feature","id":"a91dd60f96ba_lbl","properties":{"name":"Antakarinja","sovereign":"Antakarinja","sovereignColorKey":"antakarinja","rank":3,"area":5.054652149380612},"geometry":{"type":"Point","coordinates":[134.143066,-27.5269945]}},{"type":"Feature","id":"eaffa63aca0d_lbl","properties":{"name":"Karangpurru","sovereign":"Karangpurru","sovereignColorKey":"karangpurru","rank":2,"area":0.7475050994085097},"geometry":{"type":"Point","coordinates":[131.4898675,-16.235186499999998]}},{"type":"Feature","id":"2adaad1ada4e_lbl","properties":{"name":"Kurrama","sovereign":"Kurrama","sovereignColorKey":"kurrama","rank":3,"area":2.2039688286940162},"geometry":{"type":"Point","coordinates":[116.69433711564693,-22.11756637373908]}},{"type":"Feature","id":"80ef266a06a4_lbl","properties":{"name":"Karuwali","sovereign":"Karuwali","sovereignColorKey":"karuwali","rank":3,"area":2.9027758151264287},"geometry":{"type":"Point","coordinates":[141.30613689963002,-24.87414451821325]}},{"type":"Feature","id":"82ae289dc7ac_lbl","properties":{"name":"Kunjen","sovereign":"Kunjen","sovereignColorKey":"kunjen","rank":3,"area":3.9558137381508622},"geometry":{"type":"Point","coordinates":[142.424010375,-15.594069125000008]}},{"type":"Feature","id":"6fd0cb03d6bd_lbl","properties":{"name":"Gabalbara","sovereign":"Gabalbara","sovereignColorKey":"gabalbara","rank":3,"area":1.0364180057290202},"geometry":{"type":"Point","coordinates":[148.6105026571376,-22.91007294692537]}},{"type":"Feature","id":"2992428bbf6e_lbl","properties":{"name":"Narangga","sovereign":"Narangga","sovereignColorKey":"narangga","rank":2,"area":0.6419948271681983},"geometry":{"type":"Point","coordinates":[137.67919233884373,-34.59443374738743]}},{"type":"Feature","id":"e36b5182565c_lbl","properties":{"name":"Nana","sovereign":"Nana","sovereignColorKey":"nana","rank":3,"area":3.1039456200334996},"geometry":{"type":"Point","coordinates":[121.9300022099394,-26.815066208807977]}},{"type":"Feature","id":"3ff645297547_lbl","properties":{"name":"Yuggera","sovereign":"Yuggera","sovereignColorKey":"yuggera","rank":2,"area":0.3535534411857171},"geometry":{"type":"Point","coordinates":[152.456301,-27.430017]}},{"type":"Feature","id":"2eb4e8dce149_lbl","properties":{"name":"Barindji","sovereign":"Barindji","sovereignColorKey":"barindji","rank":3,"area":2.830818154968483},"geometry":{"type":"Point","coordinates":[143.61371255676343,-32.69984069064987]}},{"type":"Feature","id":"ab26445ce126_lbl","properties":{"name":"Gunibidji","sovereign":"Gunibidji","sovereignColorKey":"gunibidji","rank":1,"area":0.03260606719081141},"geometry":{"type":"Point","coordinates":[134.016723,-12.321219]}},{"type":"Feature","id":"26f2ad88332d_lbl","properties":{"name":"Mangarayi","sovereign":"Mangarayi","sovereignColorKey":"mangarayi","rank":2,"area":0.43810711411149583},"geometry":{"type":"Point","coordinates":[133.62253538052545,-14.707094397306314]}},{"type":"Feature","id":"93342f8b5038_lbl","properties":{"name":"Bundjalung","sovereign":"Bundjalung","sovereignColorKey":"bundjalung","rank":3,"area":2.382135600379094},"geometry":{"type":"Point","coordinates":[152.67156865054804,-28.66210501532532]}},{"type":"Feature","id":"017dec39b95d_lbl","properties":{"name":"Yuat","sovereign":"Yuat","sovereignColorKey":"yuat","rank":3,"area":1.8379111305389877},"geometry":{"type":"Point","coordinates":[115.89614850000001,-30.731957]}},{"type":"Feature","id":"ab9a00fa0c9d_lbl","properties":{"name":"Ngunawal","sovereign":"Ngunawal","sovereignColorKey":"ngunawal","rank":3,"area":1.1358875544175078},"geometry":{"type":"Point","coordinates":[148.51418049999998,-34.8206385]}},{"type":"Feature","id":"9d06a37d22df_lbl","properties":{"name":"Mayi-Thakurti","sovereign":"Mayi-Thakurti","sovereignColorKey":"mayi-thakurti","rank":2,"area":0.9738925255024729},"geometry":{"type":"Point","coordinates":[140.66563750740545,-20.06057498917017]}},{"type":"Feature","id":"fb150015f8b9_lbl","properties":{"name":"Teppathiggi","sovereign":"Teppathiggi","sovereignColorKey":"teppathiggi","rank":1,"area":0.04860656639400496},"geometry":{"type":"Point","coordinates":[141.91246,-12.193059]}},{"type":"Feature","id":"172ba8eceb5c_lbl","properties":{"name":"Binbinga","sovereign":"Binbinga","sovereignColorKey":"binbinga","rank":3,"area":1.3236438052339494},"geometry":{"type":"Point","coordinates":[136.0660376551618,-16.26301652361586]}},{"type":"Feature","id":"5091089ae7b3_lbl","properties":{"name":"Gunindiri","sovereign":"Gunindiri","sovereignColorKey":"gunindiri","rank":3,"area":1.0902510489854862},"geometry":{"type":"Point","coordinates":[136.28088448248224,-17.45837842293829]}},{"type":"Feature","id":"a54c86a886ff_lbl","properties":{"name":"Yirandali","sovereign":"Yirandali","sovereignColorKey":"yirandali","rank":3,"area":4.253291168722981},"geometry":{"type":"Point","coordinates":[144.4505168193173,-21.309065121193093]}},{"type":"Feature","id":"275dbb679565_lbl","properties":{"name":"Wargamaygan","sovereign":"Wargamaygan","sovereignColorKey":"wargamaygan","rank":2,"area":0.3162734381047656},"geometry":{"type":"Point","coordinates":[145.73232148120917,-18.306412518790843]}},{"type":"Feature","id":"94e0a05db29b_lbl","properties":{"name":"Bandjigali","sovereign":"Bandjigali","sovereignColorKey":"bandjigali","rank":3,"area":2.467889482137984},"geometry":{"type":"Point","coordinates":[142.3674030941798,-30.540864738521286]}},{"type":"Feature","id":"49abe12eb17a_lbl","properties":{"name":"Gangulu","sovereign":"Gangulu","sovereignColorKey":"gangulu","rank":3,"area":2.219927260693485},"geometry":{"type":"Point","coordinates":[148.94908850000002,-23.612061500000003]}},{"type":"Feature","id":"da3531b26924_lbl","properties":{"name":"Wajuk","sovereign":"Wajuk","sovereignColorKey":"wajuk","rank":2,"area":0.9160950062469269},"geometry":{"type":"Point","coordinates":[116.10724768923536,-31.87338248728965]}},{"type":"Feature","id":"02246b13bb63_lbl","properties":{"name":"Mayi-Kulan","sovereign":"Mayi-Kulan","sovereignColorKey":"mayi-kulan","rank":3,"area":1.988621177926568},"geometry":{"type":"Point","coordinates":[141.5704865,-18.7383145]}},{"type":"Feature","id":"97e7c8593e65_lbl","properties":{"name":"Jingili","sovereign":"Jingili","sovereignColorKey":"jingili","rank":3,"area":1.8403216405599636},"geometry":{"type":"Point","coordinates":[133.879394,-17.248036499999998]}},{"type":"Feature","id":"d42f70d6d4f3_lbl","properties":{"name":"Kuku-yalanji","sovereign":"Kuku-yalanji","sovereignColorKey":"kuku-yalanji","rank":3,"area":1.890413552000929},"geometry":{"type":"Point","coordinates":[144.70669700757952,-16.595134168145652]}},{"type":"Feature","id":"fc09d56a03dc_lbl","properties":{"name":"Mpalitjanh","sovereign":"Mpalitjanh","sovereignColorKey":"mpalitjanh","rank":2,"area":0.27999400146199704},"geometry":{"type":"Point","coordinates":[142.5754044668406,-12.247369980255959]}},{"type":"Feature","id":"e8f637645e22_lbl","properties":{"name":"Nhuwala","sovereign":"Nhuwala","sovereignColorKey":"nhuwala","rank":3,"area":1.2010566851306113},"geometry":{"type":"Point","coordinates":[115.65402193785128,-21.755104003590017]}},{"type":"Feature","id":"accabc911747_lbl","properties":{"name":"Yiman","sovereign":"Yiman","sovereignColorKey":"yiman","rank":3,"area":1.1198939903114677},"geometry":{"type":"Point","coordinates":[149.5162480970545,-25.61142148601499]}},{"type":"Feature","id":"63a855c9ce31_lbl","properties":{"name":"Jaru","sovereign":"Jaru","sovereignColorKey":"jaru","rank":3,"area":3.442029212271498},"geometry":{"type":"Point","coordinates":[128.04683649519026,-18.60034045075356]}},{"type":"Feature","id":"c10f351a7da5_lbl","properties":{"name":"Ngan’gikurunggurr","sovereign":"Ngan’gikurunggurr","sovereignColorKey":"ngan’gikurunggurr","rank":1,"area":0.06336576596350163},"geometry":{"type":"Point","coordinates":[129.844664,-14.455958]}},{"type":"Feature","id":"42b59f4b87b0_lbl","properties":{"name":"Yitha Yitha","sovereign":"Yitha Yitha","sovereignColorKey":"yitha yitha","rank":3,"area":1.2793533425925183},"geometry":{"type":"Point","coordinates":[144.35486268287065,-33.598392863710224]}},{"type":"Feature","id":"f68ebea6d2f6_lbl","properties":{"name":"Mbeiwum","sovereign":"Mbeiwum","sovereignColorKey":"mbeiwum","rank":2,"area":0.1298234816480015},"geometry":{"type":"Point","coordinates":[141.965332,-13.218555]}},{"type":"Feature","id":"2737fad7dd99_lbl","properties":{"name":"Limilngan","sovereign":"Limilngan","sovereignColorKey":"limilngan","rank":2,"area":0.36219387373444834},"geometry":{"type":"Point","coordinates":[131.91856882043461,-12.658965303831376]}},{"type":"Feature","id":"885e972ca72c_lbl","properties":{"name":"Kalaamaya","sovereign":"Kalaamaya","sovereignColorKey":"kalaamaya","rank":3,"area":9.547109582063925},"geometry":{"type":"Point","coordinates":[118.73204337500002,-29.757900624999998]}},{"type":"Feature","id":"a8662a4eebee_lbl","properties":{"name":"Jiwarli","sovereign":"Jiwarli","sovereignColorKey":"jiwarli","rank":2,"area":0.6990187186565073},"geometry":{"type":"Point","coordinates":[117.25534975000001,-23.554079249999997]}},{"type":"Feature","id":"a43b11ccf85d_lbl","properties":{"name":"Wunambul","sovereign":"Wunambul","sovereignColorKey":"wunambul","rank":2,"area":0.6913082689237484},"geometry":{"type":"Point","coordinates":[125.60113770053154,-15.121354006534167]}},{"type":"Feature","id":"800699850907_lbl","properties":{"name":"Yalarrnga","sovereign":"Yalarrnga","sovereignColorKey":"yalarrnga","rank":2,"area":0.6945838224420022},"geometry":{"type":"Point","coordinates":[139.79553149999998,-21.850776]}},{"type":"Feature","id":"a508c77e5efd_lbl","properties":{"name":"Mudburra","sovereign":"Mudburra","sovereignColorKey":"mudburra","rank":3,"area":3.118517137185492},"geometry":{"type":"Point","coordinates":[132.2396845,-17.0755505]}},{"type":"Feature","id":"db6496dce6e4_lbl","properties":{"name":"Nawu","sovereign":"Nawu","sovereignColorKey":"nawu","rank":3,"area":3.004527497599085},"geometry":{"type":"Point","coordinates":[135.79152260346513,-34.10038776154421]}},{"type":"Feature","id":"6f7b0cecd484_lbl","properties":{"name":"Ngalkbun","sovereign":"Ngalkbun","sovereignColorKey":"ngalkbun","rank":2,"area":0.6752411789174928},"geometry":{"type":"Point","coordinates":[134.82451072461265,-13.498481856373374]}},{"type":"Feature","id":"6af4bbbe392b_lbl","properties":{"name":"Mithaka","sovereign":"Mithaka","sovereignColorKey":"mithaka","rank":3,"area":1.093628459411022},"geometry":{"type":"Point","coordinates":[140.1798362665464,-24.961203171337324]}},{"type":"Feature","id":"28911e4c9771_lbl","properties":{"name":"Wadjigu","sovereign":"Wadjigu","sovereignColorKey":"wadjigu","rank":2,"area":0.9549342291355032},"geometry":{"type":"Point","coordinates":[149.4091395667093,-24.565614796432047]}},{"type":"Feature","id":"6c66f2c0a8cc_lbl","properties":{"name":"Nukunu","sovereign":"Nukunu","sovereignColorKey":"nukunu","rank":2,"area":0.5719270421089835},"geometry":{"type":"Point","coordinates":[138.0681878368916,-32.74106935185935]}},{"type":"Feature","id":"2cb9508b6c88_lbl","properties":{"name":"Barundji","sovereign":"Barundji","sovereignColorKey":"barundji","rank":3,"area":5.057155399426527},"geometry":{"type":"Point","coordinates":[144.09393262499998,-30.793106375000004]}},{"type":"Feature","id":"e9e059e26064_lbl","properties":{"name":"Badtjala","sovereign":"Badtjala","sovereignColorKey":"badtjala","rank":2,"area":0.18187657640145494},"geometry":{"type":"Point","coordinates":[152.600097,-26.056782]}},{"type":"Feature","id":"af20ac2a6ecc_lbl","properties":{"name":"Ngalawangka","sovereign":"Ngalawangka","sovereignColorKey":"ngalawangka","rank":3,"area":1.6679341408134292},"geometry":{"type":"Point","coordinates":[119.33006167562523,-24.15273105831515]}},{"type":"Feature","id":"ba88c265fa61_lbl","properties":{"name":"Birria","sovereign":"Birria","sovereignColorKey":"birria","rank":3,"area":3.8644654252920745},"geometry":{"type":"Point","coordinates":[142.410278,-25.615419999999997]}},{"type":"Feature","id":"4de33a916300_lbl","properties":{"name":"Mangala","sovereign":"Mangala","sovereignColorKey":"mangala","rank":3,"area":3.561092399969528},"geometry":{"type":"Point","coordinates":[124.222411375,-19.789151375000003]}},{"type":"Feature","id":"4bb7f865c728_lbl","properties":{"name":"Bukurnidja","sovereign":"Bukurnidja","sovereignColorKey":"bukurnidja","rank":1,"area":0.03392009971550003},"geometry":{"type":"Point","coordinates":[132.64343,-12.854648]}},{"type":"Feature","id":"d42a43fecec7_lbl","properties":{"name":"Wangkathaa","sovereign":"Wangkathaa","sovereignColorKey":"wangkathaa","rank":3,"area":6.178374542170033},"geometry":{"type":"Point","coordinates":[121.88761439843981,-29.87745939540099]}},{"type":"Feature","id":"5a0b0743b882_lbl","properties":{"name":"Banggarla","sovereign":"Banggarla","sovereignColorKey":"banggarla","rank":3,"area":5.428171921378016},"geometry":{"type":"Point","coordinates":[136.673393125,-32.911407125]}},{"type":"Feature","id":"8bd563e5abbe_lbl","properties":{"name":"Ngambri","sovereign":"Ngambri","sovereignColorKey":"ngambri","rank":2,"area":0.9195944600414636},"geometry":{"type":"Point","coordinates":[148.95234360783257,-35.484470773800126]}},{"type":"Feature","id":"088595856336_lbl","properties":{"name":"Maiawali","sovereign":"Maiawali","sovereignColorKey":"maiawali","rank":3,"area":4.404203394345949},"geometry":{"type":"Point","coordinates":[141.664308,-23.417936]}},{"type":"Feature","id":"f81d9a830c60_lbl","properties":{"name":"Waanyi","sovereign":"Waanyi","sovereignColorKey":"waanyi","rank":3,"area":1.6214459793029903},"geometry":{"type":"Point","coordinates":[137.36212949999998,-17.873020500000003]}},{"type":"Feature","id":"122f23a56752_lbl","properties":{"name":"Wadigali","sovereign":"Wadigali","sovereignColorKey":"wadigali","rank":3,"area":1.7185038679689932},"geometry":{"type":"Point","coordinates":[141.39992891675925,-29.315454882171522]}},{"type":"Feature","id":"bac0f5937eae_lbl","properties":{"name":"Guringai","sovereign":"Guringai","sovereignColorKey":"guringai","rank":2,"area":0.22974870217053267},"geometry":{"type":"Point","coordinates":[151.24688644392947,-33.435084271127685]}},{"type":"Feature","id":"31bc0b93ef55_lbl","properties":{"name":"Tharrgari","sovereign":"Tharrgari","sovereignColorKey":"tharrgari","rank":3,"area":1.1686914674939786},"geometry":{"type":"Point","coordinates":[115.17679820136776,-24.091082377038305]}},{"type":"Feature","id":"536490ca40dd_lbl","properties":{"name":"Mbabaram","sovereign":"Mbabaram","sovereignColorKey":"mbabaram","rank":2,"area":0.1274255091940062},"geometry":{"type":"Point","coordinates":[144.645996,-17.596903]}},{"type":"Feature","id":"65a35a04f1c6_lbl","properties":{"name":"Worora","sovereign":"Worora","sovereignColorKey":"worora","rank":2,"area":0.7880857845463325},"geometry":{"type":"Point","coordinates":[124.62841593281647,-16.08724434084564]}},{"type":"Feature","id":"0b8698ab0d72_lbl","properties":{"name":"Gureng Gureng","sovereign":"Gureng Gureng","sovereignColorKey":"gureng gureng","rank":3,"area":1.7118997267314153},"geometry":{"type":"Point","coordinates":[151.2750539498473,-24.606517083587818]}},{"type":"Feature","id":"b52dddafd9f3_lbl","properties":{"name":"Bularnu","sovereign":"Bularnu","sovereignColorKey":"bularnu","rank":3,"area":2.297631051898513},"geometry":{"type":"Point","coordinates":[137.91464957990064,-21.097123276565824]}},{"type":"Feature","id":"6fe41d99ee8e_lbl","properties":{"name":"Nyikina","sovereign":"Nyikina","sovereignColorKey":"nyikina","rank":3,"area":2.6969210721695447},"geometry":{"type":"Point","coordinates":[123.7522975,-18.0262655]}},{"type":"Feature","id":"bf2a7e7c9f34_lbl","properties":{"name":"Djabwurung","sovereign":"Djabwurung","sovereignColorKey":"djabwurung","rank":2,"area":0.7531186055624934},"geometry":{"type":"Point","coordinates":[142.671203,-37.5320775]}},{"type":"Feature","id":"1af4f7d3fc2b_lbl","properties":{"name":"Unggarangi","sovereign":"Unggarangi","sovereignColorKey":"unggarangi","rank":2,"area":0.16592372584865167},"geometry":{"type":"Point","coordinates":[123.55294326256062,-16.89129900054167]}},{"type":"Feature","id":"a9bf77d7fd50_lbl","properties":{"name":"Nimanburu","sovereign":"Nimanburu","sovereignColorKey":"nimanburu","rank":2,"area":0.4783532657343983},"geometry":{"type":"Point","coordinates":[123.09010859985361,-17.526210956617522]}},{"type":"Feature","id":"5b5844ad485f_lbl","properties":{"name":"Garawa","sovereign":"Garawa","sovereignColorKey":"garawa","rank":3,"area":1.7924146867666186},"geometry":{"type":"Point","coordinates":[137.34287507245344,-16.885473364353253]}},{"type":"Feature","id":"c661cfb9f776_lbl","properties":{"name":"Wandjiwalgu","sovereign":"Wandjiwalgu","sovereignColorKey":"wandjiwalgu","rank":2,"area":0.5571505166414923},"geometry":{"type":"Point","coordinates":[142.85522400000002,-31.118346]}},{"type":"Feature","id":"14897661c952_lbl","properties":{"name":"Wakabunga","sovereign":"Wakabunga","sovereignColorKey":"wakabunga","rank":3,"area":2.6002202389614553},"geometry":{"type":"Point","coordinates":[138.4510225,-19.4170235]}},{"type":"Feature","id":"e0bd053b1040_lbl","properties":{"name":"Kokatha","sovereign":"Kokatha","sovereignColorKey":"kokatha","rank":4,"area":15.358421931721459},"geometry":{"type":"Point","coordinates":[132.86282437499997,-29.392421875]}},{"type":"Feature","id":"4a0069ec7f52_lbl","properties":{"name":"Winda Winda","sovereign":"Winda Winda","sovereignColorKey":"winda winda","rank":2,"area":0.22843792511817185},"geometry":{"type":"Point","coordinates":[141.58817947918416,-13.544541]}},{"type":"Feature","id":"21c5b606667a_lbl","properties":{"name":"Margany","sovereign":"Margany","sovereignColorKey":"margany","rank":3,"area":2.4674217383350268},"geometry":{"type":"Point","coordinates":[144.4009651386461,-27.293062528723272]}},{"type":"Feature","id":"6dafe6f3be82_lbl","properties":{"name":"Gunbalang","sovereign":"Gunbalang","sovereignColorKey":"gunbalang","rank":1,"area":0.053903277414226736},"geometry":{"type":"Point","coordinates":[133.725585,-12.286333]}},{"type":"Feature","id":"ba5b94813d1a_lbl","properties":{"name":"Badimaya","sovereign":"Badimaya","sovereignColorKey":"badimaya","rank":3,"area":2.8831265682545295},"geometry":{"type":"Point","coordinates":[117.276306,-28.212076500000002]}},{"type":"Feature","id":"685359ce290c_lbl","properties":{"name":"Kungarakany","sovereign":"Kungarakany","sovereignColorKey":"kungarakany","rank":2,"area":0.5466864008150853},"geometry":{"type":"Point","coordinates":[130.90893709045073,-13.181336411159045]}},{"type":"Feature","id":"1addecc08eac_lbl","properties":{"name":"Ngalakan","sovereign":"Ngalakan","sovereignColorKey":"ngalakan","rank":2,"area":0.9333142604050302},"geometry":{"type":"Point","coordinates":[134.58002875,-14.807114749999998]}},{"type":"Feature","id":"e97954a0f67a_lbl","properties":{"name":"Mirning","sovereign":"Mirning","sovereignColorKey":"mirning","rank":4,"area":10.818563388431059},"geometry":{"type":"Point","coordinates":[127.156757375,-31.313956125]}},{"type":"Feature","id":"fb777c8bb7ad_lbl","properties":{"name":"Worimi","sovereign":"Worimi","sovereignColorKey":"worimi","rank":2,"area":0.623577102793563},"geometry":{"type":"Point","coordinates":[152.00992886720312,-32.440227475826]}},{"type":"Feature","id":"c745c0fd84f4_lbl","properties":{"name":"Kokomini","sovereign":"Kokomini","sovereignColorKey":"kokomini","rank":2,"area":0.7188426937730054},"geometry":{"type":"Point","coordinates":[143.339938772433,-16.292733182819795]}},{"type":"Feature","id":"f81a555580e3_lbl","properties":{"name":"Arabana","sovereign":"Arabana","sovereignColorKey":"arabana","rank":3,"area":5.2299164868649175},"geometry":{"type":"Point","coordinates":[135.8843615,-28.4648075]}},{"type":"Feature","id":"16935f27df17_lbl","properties":{"name":"Nunggubuyu","sovereign":"Nunggubuyu","sovereignColorKey":"nunggubuyu","rank":2,"area":0.3782007397183431},"geometry":{"type":"Point","coordinates":[135.6294767891928,-13.981564652595694]}},{"type":"Feature","id":"b97e7722f635_lbl","properties":{"name":"Nungali","sovereign":"Nungali","sovereignColorKey":"nungali","rank":2,"area":0.3124916737229846},"geometry":{"type":"Point","coordinates":[130.355527,-15.739388]}},{"type":"Feature","id":"956ff12dcb4f_lbl","properties":{"name":"Wangan","sovereign":"Wangan","sovereignColorKey":"wangan","rank":2,"area":0.6532530746045246},"geometry":{"type":"Point","coordinates":[147.5085476836267,-22.86878575485943]}},{"type":"Feature","id":"fe6648b34bd7_lbl","properties":{"name":"Mandandanji","sovereign":"Mandandanji","sovereignColorKey":"mandandanji","rank":3,"area":1.9148632268969707},"geometry":{"type":"Point","coordinates":[149.0033687234949,-26.96790190026924]}},{"type":"Feature","id":"c82121bf034b_lbl","properties":{"name":"Bindjali","sovereign":"Bindjali","sovereignColorKey":"bindjali","rank":2,"area":0.5699277863665024},"geometry":{"type":"Point","coordinates":[140.603027,-36.58391]}},{"type":"Feature","id":"641a0778bc7b_lbl","properties":{"name":"Mayi-Kutuna","sovereign":"Mayi-Kutuna","sovereignColorKey":"mayi-kutuna","rank":3,"area":1.587319512287003},"geometry":{"type":"Point","coordinates":[139.69041599257264,-18.986881562321354]}},{"type":"Feature","id":"28cd51b5d1c2_lbl","properties":{"name":"Yindjibarndi","sovereign":"Yindjibarndi","sovereignColorKey":"yindjibarndi","rank":3,"area":1.4741160229600005},"geometry":{"type":"Point","coordinates":[117.95645632237692,-21.707582251777644]}},{"type":"Feature","id":"41db691d3fa8_lbl","properties":{"name":"Karajarri","sovereign":"Karajarri","sovereignColorKey":"karajarri","rank":2,"area":0.748840087807567},"geometry":{"type":"Point","coordinates":[122.32631005856068,-18.641418089804603]}},{"type":"Feature","id":"6b87653da177_lbl","properties":{"name":"Darumbal","sovereign":"Darumbal","sovereignColorKey":"darumbal","rank":3,"area":1.5317208260284367},"geometry":{"type":"Point","coordinates":[150.51121175,-23.377505250000002]}},{"type":"Feature","id":"15779a63bd20_lbl","properties":{"name":"Boonwurrung","sovereign":"Boonwurrung","sovereignColorKey":"boonwurrung","rank":2,"area":0.914716581169547},"geometry":{"type":"Point","coordinates":[145.73687370763002,-38.422268151428796]}},{"type":"Feature","id":"0d882c87cdbb_lbl","properties":{"name":"Yanda","sovereign":"Yanda","sovereignColorKey":"yanda","rank":2,"area":0.5839886420304978},"geometry":{"type":"Point","coordinates":[140.66039201649784,-22.097680073152134]}},{"type":"Feature","id":"3e2f5af991f2_lbl","properties":{"name":"Gugu-Badhun","sovereign":"Gugu-Badhun","sovereignColorKey":"gugu-badhun","rank":3,"area":5.341291963193367},"geometry":{"type":"Point","coordinates":[145.24582374999997,-19.46237125]}},{"type":"Feature","id":"d7823ec8f86d_lbl","properties":{"name":"Wudjari","sovereign":"Wudjari","sovereignColorKey":"wudjari","rank":3,"area":5.309502108428909},"geometry":{"type":"Point","coordinates":[122.37246463679152,-33.5572183273583]}},{"type":"Feature","id":"06d37f18e6da_lbl","properties":{"name":"Bilinara","sovereign":"Bilinara","sovereignColorKey":"bilinara","rank":2,"area":0.7221753078034823},"geometry":{"type":"Point","coordinates":[130.84513934440042,-16.92970300455623]}},{"type":"Feature","id":"0d6a4c259ef3_lbl","properties":{"name":"Tjerratj","sovereign":"Tjerratj","sovereignColorKey":"tjerratj","rank":0,"area":0.007807157158501138},"geometry":{"type":"Point","coordinates":[130.302658,-13.463086]}},{"type":"Feature","id":"c9b68f4bebf5_lbl","properties":{"name":"Biripi","sovereign":"Biripi","sovereignColorKey":"biripi","rank":3,"area":1.3382864119974656},"geometry":{"type":"Point","coordinates":[152.10812499578375,-31.6072975]}},{"type":"Feature","id":"85584c8b0a1a_lbl","properties":{"name":"Karenggapa","sovereign":"Karenggapa","sovereignColorKey":"karenggapa","rank":3,"area":1.5648964997054904},"geometry":{"type":"Point","coordinates":[142.70798829944007,-29.21410886981452]}},{"type":"Feature","id":"cd8bdd0b4096_lbl","properties":{"name":"Gungabula","sovereign":"Gungabula","sovereignColorKey":"gungabula","rank":2,"area":0.7993063377439853},"geometry":{"type":"Point","coordinates":[148.7804667753522,-25.642483695845584]}},{"type":"Feature","id":"524031559eb0_lbl","properties":{"name":"Kaantju","sovereign":"Kaantju","sovereignColorKey":"kaantju","rank":2,"area":0.6916112108605006},"geometry":{"type":"Point","coordinates":[143.09967,-13.6022915]}},{"type":"Feature","id":"7723e64a83ed_lbl","properties":{"name":"Wiradjuri","sovereign":"Wiradjuri","sovereignColorKey":"wiradjuri","rank":4,"area":17.70342418746317},"geometry":{"type":"Point","coordinates":[146.73053974999996,-33.61810224999999]}},{"type":"Feature","id":"b4cd57229d8d_lbl","properties":{"name":"Wulgurukaba","sovereign":"Wulgurukaba","sovereignColorKey":"wulgurukaba","rank":2,"area":0.14814169963367974},"geometry":{"type":"Point","coordinates":[146.592812,-19.826235]}},{"type":"Feature","id":"cf32cc1058cc_lbl","properties":{"name":"Ngamini","sovereign":"Ngamini","sovereignColorKey":"ngamini","rank":3,"area":2.316485650871023},"geometry":{"type":"Point","coordinates":[139.19979288750832,-26.823403132837907]}},{"type":"Feature","id":"168378353788_lbl","properties":{"name":"Giraiwurung","sovereign":"Giraiwurung","sovereignColorKey":"giraiwurung","rank":2,"area":0.46648120102601354},"geometry":{"type":"Point","coordinates":[142.76046674999998,-38.06606375]}},{"type":"Feature","id":"960c9897406b_lbl","properties":{"name":"Kuuku-ya’u","sovereign":"Kuuku-ya’u","sovereignColorKey":"kuuku-ya’u","rank":2,"area":0.1911911127577639},"geometry":{"type":"Point","coordinates":[143.0728426654427,-12.723131334557301]}},{"type":"Feature","id":"d1a0083f18a9_lbl","properties":{"name":"Mardu","sovereign":"Mardu","sovereignColorKey":"mardu","rank":4,"area":15.108777084980094},"geometry":{"type":"Point","coordinates":[125.27029812500002,-23.138320875]}},{"type":"Feature","id":"facfb628ece2_lbl","properties":{"name":"Goreng","sovereign":"Goreng","sovereignColorKey":"goreng","rank":3,"area":1.3402949521525453},"geometry":{"type":"Point","coordinates":[118.148890338701,-33.84629833870098]}},{"type":"Feature","id":"a957607c90f0_lbl","properties":{"name":"Gunwinggu","sovereign":"Gunwinggu","sovereignColorKey":"gunwinggu","rank":2,"area":0.5973601024550881},"geometry":{"type":"Point","coordinates":[133.51083088160905,-12.333486587915443]}},{"type":"Feature","id":"002d6725fe93_lbl","properties":{"name":"Yinggarda","sovereign":"Yinggarda","sovereignColorKey":"yinggarda","rank":3,"area":1.8346689488705055},"geometry":{"type":"Point","coordinates":[114.68813155085644,-25.274013859880547]}},{"type":"Feature","id":"2689a58609b7_lbl","properties":{"name":"Yidinjdji","sovereign":"Yidinjdji","sovereignColorKey":"yidinjdji","rank":2,"area":0.11138771351377841},"geometry":{"type":"Point","coordinates":[145.7204824368,-17.211503130531007]}},{"type":"Feature","id":"232a4bea83ec_lbl","properties":{"name":"Arrernte","sovereign":"Arrernte","sovereignColorKey":"arrernte","rank":4,"area":12.673869008904418},"geometry":{"type":"Point","coordinates":[134.68414287500002,-24.721315124999997]}},{"type":"Feature","id":"5048907c0eda_lbl","properties":{"name":"Yadhaigana","sovereign":"Yadhaigana","sovereignColorKey":"yadhaigana","rank":1,"area":0.08822922635276953},"geometry":{"type":"Point","coordinates":[142.64426711509967,-11.092706121247389]}},{"type":"Feature","id":"da918301df71_lbl","properties":{"name":"Peramangk","sovereign":"Peramangk","sovereignColorKey":"peramangk","rank":2,"area":0.404695869755475},"geometry":{"type":"Point","coordinates":[138.93334890881334,-34.8918950832537]}},{"type":"Feature","id":"5f865b035135_lbl","properties":{"name":"Wangkamana","sovereign":"Wangkamana","sovereignColorKey":"wangkamana","rank":3,"area":3.3722430187605283},"geometry":{"type":"Point","coordinates":[138.927612,-22.61925399999995]}},{"type":"Feature","id":"8ff7cb43689b_lbl","properties":{"name":"Konbudj","sovereign":"Konbudj","sovereignColorKey":"konbudj","rank":2,"area":0.10989279192915391},"geometry":{"type":"Point","coordinates":[132.17560044928825,-12.806444]}},{"type":"Feature","id":"f1707fb90cc6_lbl","properties":{"name":"Gayiri","sovereign":"Gayiri","sovereignColorKey":"gayiri","rank":3,"area":1.9380756358785476},"geometry":{"type":"Point","coordinates":[147.9301694700222,-23.85054656379358]}},{"type":"Feature","id":"83ede7181ffe_lbl","properties":{"name":"Dhirari","sovereign":"Dhirari","sovereignColorKey":"dhirari","rank":3,"area":3.176797287651496},"geometry":{"type":"Point","coordinates":[137.7110078148175,-28.61211491420346]}},{"type":"Feature","id":"c6f50d5e7c85_lbl","properties":{"name":"Ngaanyatjarra","sovereign":"Ngaanyatjarra","sovereignColorKey":"ngaanyatjarra","rank":3,"area":6.7700653796470505},"geometry":{"type":"Point","coordinates":[123.78386093750001,-25.628551312500004]}},{"type":"Feature","id":"25e58b57471f_lbl","properties":{"name":"Yuwi","sovereign":"Yuwi","sovereignColorKey":"yuwi","rank":2,"area":0.2513865737850125},"geometry":{"type":"Point","coordinates":[148.97378857572733,-21.248272783724364]}},{"type":"Feature","id":"f5a2f31354e7_lbl","properties":{"name":"Ngarinyin","sovereign":"Ngarinyin","sovereignColorKey":"ngarinyin","rank":3,"area":4.670568636408838},"geometry":{"type":"Point","coordinates":[126.452636,-15.750634]}},{"type":"Feature","id":"340a152d9dec_lbl","properties":{"name":"Turrbal","sovereign":"Turrbal","sovereignColorKey":"turrbal","rank":1,"area":0.062122198702118325},"geometry":{"type":"Point","coordinates":[152.746591,-27.619865]}},{"type":"Feature","id":"1aca6feff5cc_lbl","properties":{"name":"Kija","sovereign":"Kija","sovereignColorKey":"kija","rank":3,"area":4.050756660416596},"geometry":{"type":"Point","coordinates":[128.222976,-16.846254000000002]}},{"type":"Feature","id":"6031eb0b9170_lbl","properties":{"name":"Wagiman","sovereign":"Wagiman","sovereignColorKey":"wagiman","rank":3,"area":1.320282859729995},"geometry":{"type":"Point","coordinates":[131.31480182178325,-14.253090381283268]}},{"type":"Feature","id":"eb9fbc975f32_lbl","properties":{"name":"Yupangathi","sovereign":"Yupangathi","sovereignColorKey":"yupangathi","rank":0,"area":0.008837664726314642},"geometry":{"type":"Point","coordinates":[141.8124076810723,-12.189703]}},{"type":"Feature","id":"580b2d59b0b2_lbl","properties":{"name":"Ngombur","sovereign":"Ngombur","sovereignColorKey":"ngombur","rank":1,"area":0.09731061913850336},"geometry":{"type":"Point","coordinates":[132.335815,-13.058074]}},{"type":"Feature","id":"a32f623d05ff_lbl","properties":{"name":"Alyawarre","sovereign":"Alyawarre","sovereignColorKey":"alyawarre","rank":3,"area":5.330812294627954},"geometry":{"type":"Point","coordinates":[135.52426887500002,-22.293971875]}},{"type":"Feature","id":"aec6b9bf68c3_lbl","properties":{"name":"Djabuganjdji","sovereign":"Djabuganjdji","sovereignColorKey":"djabuganjdji","rank":2,"area":0.2275243366687718},"geometry":{"type":"Point","coordinates":[145.266723,-17.32442]}},{"type":"Feature","id":"3a384179397c_lbl","properties":{"name":"Geawegal","sovereign":"Geawegal","sovereignColorKey":"geawegal","rank":3,"area":1.2454623875959712},"geometry":{"type":"Point","coordinates":[150.99142600000002,-32.062816999999995]}},{"type":"Feature","id":"fc3df5634f5f_lbl","properties":{"name":"Ngandji","sovereign":"Ngandji","sovereignColorKey":"ngandji","rank":3,"area":1.458638505194994},"geometry":{"type":"Point","coordinates":[135.24581752898223,-17.11772264286313]}},{"type":"Feature","id":"a4f72fa84a0a_lbl","properties":{"name":"Wongaibon","sovereign":"Wongaibon","sovereignColorKey":"wongaibon","rank":3,"area":5.165392166514486},"geometry":{"type":"Point","coordinates":[146.12297024999998,-31.10322175000001]}},{"type":"Feature","id":"0d616f1b4e07_lbl","properties":{"name":"Kooma","sovereign":"Kooma","sovereignColorKey":"kooma","rank":3,"area":3.1342722544785726},"geometry":{"type":"Point","coordinates":[147.06268013265557,-28.078330677203468]}},{"type":"Feature","id":"5796df68cbb4_lbl","properties":{"name":"Anguthimri","sovereign":"Anguthimri","sovereignColorKey":"anguthimri","rank":2,"area":0.13817973548596285},"geometry":{"type":"Point","coordinates":[141.67852309654498,-12.617015886785817]}},{"type":"Feature","id":"605d9058971e_lbl","properties":{"name":"Kunja","sovereign":"Kunja","sovereignColorKey":"kunja","rank":3,"area":1.3783436849069872},"geometry":{"type":"Point","coordinates":[145.36920896680462,-28.29515268772568]}},{"type":"Feature","id":"f71b83e31edd_lbl","properties":{"name":"Iwaidja","sovereign":"Iwaidja","sovereignColorKey":"iwaidja","rank":2,"area":0.21071281287274995},"geometry":{"type":"Point","coordinates":[132.5990414574522,-11.602068722305823]}},{"type":"Feature","id":"b5979a46c823_lbl","properties":{"name":"Andyamathanha","sovereign":"Andyamathanha","sovereignColorKey":"andyamathanha","rank":3,"area":3.441192584051981},"geometry":{"type":"Point","coordinates":[139.3231195,-31.252325499999998]}},{"type":"Feature","id":"bc5056cc9d00_lbl","properties":{"name":"Mbukarla","sovereign":"Mbukarla","sovereignColorKey":"mbukarla","rank":2,"area":0.10284717105099972},"geometry":{"type":"Point","coordinates":[132.286374,-13.197164]}},{"type":"Feature","id":"d17f12e6a875_lbl","properties":{"name":"Warriyangga","sovereign":"Warriyangga","sovereignColorKey":"warriyangga","rank":3,"area":1.0793783477360321},"geometry":{"type":"Point","coordinates":[115.94098819109972,-24.486713601970663]}},{"type":"Feature","id":"99878f6ff283_lbl","properties":{"name":"Yanga","sovereign":"Yanga","sovereignColorKey":"yanga","rank":2,"area":0.8916733227030207},"geometry":{"type":"Point","coordinates":[143.35385212528507,-19.122438188673517]}},{"type":"Feature","id":"67010061f277_lbl","properties":{"name":"Giya","sovereign":"Giya","sovereignColorKey":"giya","rank":2,"area":0.22312846724778357},"geometry":{"type":"Point","coordinates":[148.48274658596472,-20.443633137814082]}},{"type":"Feature","id":"dc1f17512633_lbl","properties":{"name":"Gagudju","sovereign":"Gagudju","sovereignColorKey":"gagudju","rank":2,"area":0.1457902621895517},"geometry":{"type":"Point","coordinates":[132.39624,-12.785017]}},{"type":"Feature","id":"29e5c8841b65_lbl","properties":{"name":"Ngarrindjeri","sovereign":"Ngarrindjeri","sovereignColorKey":"ngarrindjeri","rank":3,"area":1.2656691552179424},"geometry":{"type":"Point","coordinates":[138.97980886660108,-35.321844750000004]}},{"type":"Feature","id":"028026565a70_lbl","properties":{"name":"Bardi","sovereign":"Bardi","sovereignColorKey":"bardi","rank":1,"area":0.02121576897386568},"geometry":{"type":"Point","coordinates":[122.731018,-16.762467]}},{"type":"Feature","id":"a7d16efff025_lbl","properties":{"name":"Maung","sovereign":"Maung","sovereignColorKey":"maung","rank":1,"area":0.04044325877605104},"geometry":{"type":"Point","coordinates":[133.082885,-11.942601]}},{"type":"Feature","id":"43aff93bd3b0_lbl","properties":{"name":"Nyamal","sovereign":"Nyamal","sovereignColorKey":"nyamal","rank":3,"area":3.938801750651951},"geometry":{"type":"Point","coordinates":[119.88669425593514,-21.251059860021037]}},{"type":"Feature","id":"0fa3cf948667_lbl","properties":{"name":"Yarluyandi","sovereign":"Yarluyandi","sovereignColorKey":"yarluyandi","rank":3,"area":1.6293748600560107},"geometry":{"type":"Point","coordinates":[139.751586,-25.7737485]}},{"type":"Feature","id":"6a76d0b29133_lbl","properties":{"name":"Yuru","sovereign":"Yuru","sovereignColorKey":"yuru","rank":1,"area":0.09611734415889472},"geometry":{"type":"Point","coordinates":[147.46712033036002,-19.845823208551085]}},{"type":"Feature","id":"6504d95ca939_lbl","properties":{"name":"Marringarr","sovereign":"Marringarr","sovereignColorKey":"marringarr","rank":2,"area":0.11610987877959644},"geometry":{"type":"Point","coordinates":[129.580993,-14.458617]}},{"type":"Feature","id":"32a1365bcd00_lbl","properties":{"name":"Wuli-wuli","sovereign":"Wuli-wuli","sovereignColorKey":"wuli-wuli","rank":2,"area":0.7063698967935039},"geometry":{"type":"Point","coordinates":[150.36435979275842,-25.28947780337441]}},{"type":"Feature","id":"ec071b392b39_lbl","properties":{"name":"Wadi Wadi","sovereign":"Wadi Wadi","sovereignColorKey":"wadi wadi","rank":2,"area":0.5052013516724969},"geometry":{"type":"Point","coordinates":[143.5508369104747,-34.98669188334185]}},{"type":"Feature","id":"07630ae63334_lbl","properties":{"name":"Bibbulman","sovereign":"Bibbulman","sovereignColorKey":"bibbulman","rank":3,"area":1.009330158211017},"geometry":{"type":"Point","coordinates":[115.853577,-34.358742]}},{"type":"Feature","id":"74665d0ecf05_lbl","properties":{"name":"Yambina","sovereign":"Yambina","sovereignColorKey":"yambina","rank":2,"area":0.7470869618035145},"geometry":{"type":"Point","coordinates":[147.299194,-22.1258235]}},{"type":"Feature","id":"654752a8efd1_lbl","properties":{"name":"Gananggalinda","sovereign":"Gananggalinda","sovereignColorKey":"gananggalinda","rank":0,"area":0.0025968413075720953},"geometry":{"type":"Point","coordinates":[138.9269656260152,-17.057285080198167]}},{"type":"Feature","id":"6934572a4afb_lbl","properties":{"name":"Gamberre","sovereign":"Gamberre","sovereignColorKey":"gamberre","rank":2,"area":0.3097243572061501},"geometry":{"type":"Point","coordinates":[126.31412960378657,-14.404274560827627]}},{"type":"Feature","id":"6e8d86e05ca3_lbl","properties":{"name":"Ngatatjara","sovereign":"Ngatatjara","sovereignColorKey":"ngatatjara","rank":3,"area":6.882977565498583},"geometry":{"type":"Point","coordinates":[127.304075,-25.262823]}},{"type":"Feature","id":"bd6b81eb38e6_lbl","properties":{"name":"Wawula","sovereign":"Wawula","sovereignColorKey":"wawula","rank":3,"area":7.665454830329948},"geometry":{"type":"Point","coordinates":[120.9827723616592,-25.036653691674722]}},{"type":"Feature","id":"9520f2d9bf24_lbl","properties":{"name":"Nyangumarda","sovereign":"Nyangumarda","sovereignColorKey":"nyangumarda","rank":3,"area":8.706585852638103},"geometry":{"type":"Point","coordinates":[122.10691333496462,-20.546794890524776]}},{"type":"Feature","id":"434e62d6c5a8_lbl","properties":{"name":"Warluwarra","sovereign":"Warluwarra","sovereignColorKey":"warluwarra","rank":3,"area":1.0719094767025137},"geometry":{"type":"Point","coordinates":[138.7438720338413,-21.663432947484747]}},{"type":"Feature","id":"ae124e04b140_lbl","properties":{"name":"Mayi-Yapi","sovereign":"Mayi-Yapi","sovereignColorKey":"mayi-yapi","rank":3,"area":1.6518971772509943},"geometry":{"type":"Point","coordinates":[140.51687511125252,-19.100520612015757]}},{"type":"Feature","id":"07968796d4b5_lbl","properties":{"name":"Biri","sovereign":"Biri","sovereignColorKey":"biri","rank":3,"area":2.027230601391498},"geometry":{"type":"Point","coordinates":[147.993494,-20.786958]}},{"type":"Feature","id":"bb3a392f80ec_lbl","properties":{"name":"Kamilaroi","sovereign":"Kamilaroi","sovereignColorKey":"kamilaroi","rank":3,"area":9.362388806128799},"geometry":{"type":"Point","coordinates":[149.8461545625,-30.024610687500005]}},{"type":"Feature","id":"0fc899ee6ab9_lbl","properties":{"name":"Agwarmin","sovereign":"Agwarmin","sovereignColorKey":"agwarmin","rank":3,"area":3.1919679842675492},"geometry":{"type":"Point","coordinates":[143.9238214658556,-17.922378422633333]}},{"type":"Feature","id":"fcefdfbd43f4_lbl","properties":{"name":"Yuin","sovereign":"Yuin","sovereignColorKey":"yuin","rank":3,"area":1.5899793253045198},"geometry":{"type":"Point","coordinates":[149.7382726147015,-36.02363415589553]}},{"type":"Feature","id":"8e058b351a02_lbl","properties":{"name":"Yangga","sovereign":"Yangga","sovereignColorKey":"yangga","rank":3,"area":1.4131468894320474},"geometry":{"type":"Point","coordinates":[147.09237450956823,-21.257333402948706]}},{"type":"Feature","id":"a031ef11c85d_lbl","properties":{"name":"Bigambul","sovereign":"Bigambul","sovereignColorKey":"bigambul","rank":3,"area":3.2263294513060057},"geometry":{"type":"Point","coordinates":[150.349532375,-27.856918375]}},{"type":"Feature","id":"565c29402a0f_lbl","properties":{"name":"Alawa","sovereign":"Alawa","sovereignColorKey":"alawa","rank":3,"area":3.2241915711275198},"geometry":{"type":"Point","coordinates":[134.46030385499006,-15.915236287015471]}},{"type":"Feature","id":"8dee54293a9f_lbl","properties":{"name":"Gunditjmara","sovereign":"Gunditjmara","sovereignColorKey":"gunditjmara","rank":2,"area":0.9868951506040009},"geometry":{"type":"Point","coordinates":[141.8280025,-38.028419]}},{"type":"Feature","id":"f06fe595e916_lbl","properties":{"name":"Waveroo","sovereign":"Waveroo","sovereignColorKey":"waveroo","rank":3,"area":1.1982050895419818},"geometry":{"type":"Point","coordinates":[146.6602412798656,-36.46515877672744]}},{"type":"Feature","id":"3e71e2a87dfc_lbl","properties":{"name":"Wemba Wemba","sovereign":"Wemba Wemba","sovereignColorKey":"wemba wemba","rank":2,"area":0.7945015031415039},"geometry":{"type":"Point","coordinates":[143.57410175,-35.51507525]}},{"type":"Feature","id":"966259ebcc88_lbl","properties":{"name":"Yangman","sovereign":"Yangman","sovereignColorKey":"yangman","rank":3,"area":1.9691344212259843},"geometry":{"type":"Point","coordinates":[132.986271563077,-15.687697278114412]}},{"type":"Feature","id":"7bb7fae169a6_lbl","properties":{"name":"Barunggam","sovereign":"Barunggam","sovereignColorKey":"barunggam","rank":3,"area":4.015749495664498},"geometry":{"type":"Point","coordinates":[150.64470874999998,-26.46560725]}},{"type":"Feature","id":"788c792b6af4_lbl","properties":{"name":"Wirangu","sovereign":"Wirangu","sovereignColorKey":"wirangu","rank":3,"area":7.507056794432806},"geometry":{"type":"Point","coordinates":[133.35648751462344,-31.403260126026577]}},{"type":"Feature","id":"6b8c9e5f82d9_lbl","properties":{"name":"Bayali","sovereign":"Bayali","sovereignColorKey":"bayali","rank":2,"area":0.23570167278543508},"geometry":{"type":"Point","coordinates":[150.82143948469434,-23.87540231642058]}},{"type":"Feature","id":"0e223fc40e75_lbl","properties":{"name":"Ngawun","sovereign":"Ngawun","sovereignColorKey":"ngawun","rank":3,"area":1.981015617705502},"geometry":{"type":"Point","coordinates":[141.8500525,-19.9380965]}},{"type":"Feature","id":"9624bc1b1b89_lbl","properties":{"name":"Kwini","sovereign":"Kwini","sovereignColorKey":"kwini","rank":2,"area":0.5448925060523497},"geometry":{"type":"Point","coordinates":[127.61643518891424,-14.900803811085758]}},{"type":"Feature","id":"150bd7a2b11e_lbl","properties":{"name":"Baradha","sovereign":"Baradha","sovereignColorKey":"baradha","rank":2,"area":0.594962002981994},"geometry":{"type":"Point","coordinates":[148.94164999999998,-21.993403]}},{"type":"Feature","id":"c8b4841a279e_lbl","properties":{"name":"Budjari","sovereign":"Budjari","sovereignColorKey":"budjari","rank":2,"area":0.9608755919540108},"geometry":{"type":"Point","coordinates":[144.247741,-28.3952995]}},{"type":"Feature","id":"138d19e61a2f_lbl","properties":{"name":"Dieri","sovereign":"Dieri","sovereignColorKey":"dieri","rank":3,"area":3.013154899374541},"geometry":{"type":"Point","coordinates":[139.1103704858525,-28.31739574268086]}},{"type":"Feature","id":"e072b47a73ca_lbl","properties":{"name":"Wik","sovereign":"Wik","sovereignColorKey":"wik","rank":3,"area":1.6661694998224732},"geometry":{"type":"Point","coordinates":[142.26874807408316,-13.814991362364525]}},{"type":"Feature","id":"4bff9179703c_lbl","properties":{"name":"Mutumui","sovereign":"Mutumui","sovereignColorKey":"mutumui","rank":2,"area":0.21322599468781256},"geometry":{"type":"Point","coordinates":[144.5262869399707,-14.733564979608598]}},{"type":"Feature","id":"95bc6f03faef_lbl","properties":{"name":"Tjungundji","sovereign":"Tjungundji","sovereignColorKey":"tjungundji","rank":0,"area":0.00424786706490643},"geometry":{"type":"Point","coordinates":[141.85856278349115,-12.116536]}},{"type":"Feature","id":"5a7115032fcc_lbl","properties":{"name":"Jardwadjali","sovereign":"Jardwadjali","sovereignColorKey":"jardwadjali","rank":3,"area":1.9466182609350362},"geometry":{"type":"Point","coordinates":[142.07343100059248,-36.99374584280366]}},{"type":"Feature","id":"f8877c76c802_lbl","properties":{"name":"Luthigh","sovereign":"Luthigh","sovereignColorKey":"luthigh","rank":2,"area":0.45911878571299525},"geometry":{"type":"Point","coordinates":[142.33322720060912,-12.5991010254071]}},{"type":"Feature","id":"b6527ab2922b_lbl","properties":{"name":"Guugu-Yimidhirr","sovereign":"Guugu-Yimidhirr","sovereignColorKey":"guugu-yimidhirr","rank":2,"area":0.42004101286083245},"geometry":{"type":"Point","coordinates":[144.94224957790294,-15.50972407390772]}},{"type":"Feature","id":"6900236f6df1_lbl","properties":{"name":"Walangama","sovereign":"Walangama","sovereignColorKey":"walangama","rank":3,"area":1.2353284242284666},"geometry":{"type":"Point","coordinates":[142.05946707395,-18.1793084653405]}},{"type":"Feature","id":"80e0cd0d17db_lbl","properties":{"name":"Anggamudi","sovereign":"Anggamudi","sovereignColorKey":"anggamudi","rank":2,"area":0.5949153161782217},"geometry":{"type":"Point","coordinates":[142.37700927895455,-11.56773672335988]}},{"type":"Feature","id":"8303289f5702_lbl","properties":{"name":"Larrakia","sovereign":"Larrakia","sovereignColorKey":"larrakia","rank":2,"area":0.3074806932944725},"geometry":{"type":"Point","coordinates":[130.93253472747043,-12.703205252915465]}},{"type":"Feature","id":"7ac30db88881_lbl","properties":{"name":"Pitta-Pitta","sovereign":"Pitta-Pitta","sovereignColorKey":"pitta-pitta","rank":3,"area":3.863110977230498},"geometry":{"type":"Point","coordinates":[139.84740440653425,-23.28997489343425]}},{"type":"Feature","id":"b86c9b59976c_lbl","properties":{"name":"Ngarabal","sovereign":"Ngarabal","sovereignColorKey":"ngarabal","rank":3,"area":1.998891774331033},"geometry":{"type":"Point","coordinates":[151.3806145,-28.6763465]}},{"type":"Feature","id":"8f8a8e69b246_lbl","properties":{"name":"Amangu","sovereign":"Amangu","sovereignColorKey":"amangu","rank":3,"area":2.6386023228303372},"geometry":{"type":"Point","coordinates":[115.57898744818789,-29.43731680808545]}},{"type":"Feature","id":"8188a0c8bd15_lbl","properties":{"name":"Djargurdwurung","sovereign":"Djargurdwurung","sovereignColorKey":"djargurdwurung","rank":2,"area":0.2692522444485197},"geometry":{"type":"Point","coordinates":[143.24799802245948,-38.164145995162464]}},{"type":"Feature","id":"849c2913dcf1_lbl","properties":{"name":"Yanyuwa","sovereign":"Yanyuwa","sovereignColorKey":"yanyuwa","rank":2,"area":0.43192071139568},"geometry":{"type":"Point","coordinates":[137.0453544245068,-16.10545162558944]}},{"type":"Feature","id":"bcf289207242_lbl","properties":{"name":"Gungurugoni","sovereign":"Gungurugoni","sovereignColorKey":"gungurugoni","rank":1,"area":0.0507876321403109},"geometry":{"type":"Point","coordinates":[134.116973,-12.325244]}},{"type":"Feature","id":"55995711f58d_lbl","properties":{"name":"Barkindji","sovereign":"Barkindji","sovereignColorKey":"barkindji","rank":3,"area":2.840938000529963},"geometry":{"type":"Point","coordinates":[142.50366200000002,-32.722182000000004]}},{"type":"Feature","id":"d779d8569e6c_lbl","properties":{"name":"Gulidjan","sovereign":"Gulidjan","sovereignColorKey":"gulidjan","rank":2,"area":0.3134648385694896},"geometry":{"type":"Point","coordinates":[143.72269978035467,-38.27828552232055]}},{"type":"Feature","id":"5bba2cebdcd8_lbl","properties":{"name":"Ngadjuri","sovereign":"Ngadjuri","sovereignColorKey":"ngadjuri","rank":3,"area":2.730776955281968},"geometry":{"type":"Point","coordinates":[139.33547949999996,-32.4997745]}},{"type":"Feature","id":"98f9e2297da3_lbl","properties":{"name":"Ngatjumay","sovereign":"Ngatjumay","sovereignColorKey":"ngatjumay","rank":3,"area":3.043077143757408},"geometry":{"type":"Point","coordinates":[123.64822272530397,-32.283723024776926]}},{"type":"Feature","id":"634e2def06d0_lbl","properties":{"name":"Ngaliwuru","sovereign":"Ngaliwuru","sovereignColorKey":"ngaliwuru","rank":2,"area":0.37055699348199767},"geometry":{"type":"Point","coordinates":[130.413208,-16.088042]}},{"type":"Feature","id":"cb8fcb5414b1_lbl","properties":{"name":"Thalanyji","sovereign":"Thalanyji","sovereignColorKey":"thalanyji","rank":2,"area":0.9615810279080677},"geometry":{"type":"Point","coordinates":[114.7572429419234,-22.564449701239262]}},{"type":"Feature","id":"d6a7bb4aec91_lbl","properties":{"name":"Woolna","sovereign":"Woolna","sovereignColorKey":"woolna","rank":2,"area":0.3249847122567644},"geometry":{"type":"Point","coordinates":[131.40505643149655,-12.637003079742428]}},{"type":"Feature","id":"9019cbc5cd40_lbl","properties":{"name":"Rembarnga","sovereign":"Rembarnga","sovereignColorKey":"rembarnga","rank":2,"area":0.7382796378194687},"geometry":{"type":"Point","coordinates":[134.451232,-12.937132]}},{"type":"Feature","id":"7bbb0e0c1fe8_lbl","properties":{"name":"Murrinh-patha","sovereign":"Murrinh-patha","sovereignColorKey":"murrinh-patha","rank":2,"area":0.3026571834365477},"geometry":{"type":"Point","coordinates":[129.91680124889425,-14.559570598365683]}},{"type":"Feature","id":"c9335161fcc3_lbl","properties":{"name":"Pitjantjatjara","sovereign":"Pitjantjatjara","sovereignColorKey":"pitjantjatjara","rank":3,"area":5.7744956252551205},"geometry":{"type":"Point","coordinates":[129.93190356668146,-25.95940373283616]}},{"type":"Feature","id":"01431a321b94_lbl","properties":{"name":"Yandruwandha","sovereign":"Yandruwandha","sovereignColorKey":"yandruwandha","rank":3,"area":2.805006529641009},"geometry":{"type":"Point","coordinates":[140.72949740721478,-28.22450953785956]}},{"type":"Feature","id":"c717accf0a1b_lbl","properties":{"name":"Minang","sovereign":"Minang","sovereignColorKey":"minang","rank":-1,"area":0.00033405186700019573},"geometry":{"type":"Point","coordinates":[117.978106,-35.105406]}},{"type":"Feature","id":"9cb017529b77_lbl","properties":{"name":"Yugambeh","sovereign":"Yugambeh","sovereignColorKey":"yugambeh","rank":2,"area":0.586461804454693},"geometry":{"type":"Point","coordinates":[153.0026544477,-28.122823537883278]}},{"type":"Feature","id":"6d9ab4657b59_lbl","properties":{"name":"Lamalama","sovereign":"Lamalama","sovereignColorKey":"lamalama","rank":2,"area":0.41206927470598487},"geometry":{"type":"Point","coordinates":[143.75754169164443,-14.69272378126655]}},{"type":"Feature","id":"ec958956dc8f_lbl","properties":{"name":"Wardandi","sovereign":"Wardandi","sovereignColorKey":"wardandi","rank":2,"area":0.3698766205069859},"geometry":{"type":"Point","coordinates":[115.6119789379546,-33.73361181386382]}},{"type":"Feature","id":"93442251921c_lbl","properties":{"name":"Amarak","sovereign":"Amarak","sovereignColorKey":"amarak","rank":2,"area":0.18142859757187413},"geometry":{"type":"Point","coordinates":[132.61090916176605,-12.227286]}},{"type":"Feature","id":"3b645b10a672_lbl","properties":{"name":"Umida","sovereign":"Umida","sovereignColorKey":"umida","rank":2,"area":0.2523582500784376},"geometry":{"type":"Point","coordinates":[124.14826445741976,-16.65124988037893]}},{"type":"Feature","id":"f325a51800ec_lbl","properties":{"name":"Kundjey’mi","sovereign":"Kundjey’mi","sovereignColorKey":"kundjey’mi","rank":2,"area":0.1391491853419904},"geometry":{"type":"Point","coordinates":[132.637937,-12.744837]}},{"type":"Feature","id":"9ef590b4824d_lbl","properties":{"name":"Kurnai","sovereign":"Kurnai","sovereignColorKey":"kurnai","rank":3,"area":2.6928658366179183},"geometry":{"type":"Point","coordinates":[147.04215799999997,-37.882601]}},{"type":"Feature","id":"fe8499fee484_lbl","properties":{"name":"Palyku","sovereign":"Palyku","sovereignColorKey":"palyku","rank":3,"area":2.8398167829245597},"geometry":{"type":"Point","coordinates":[120.0860595,-22.6851645]}},{"type":"Feature","id":"baa8f2b23438_lbl","properties":{"name":"Watjarri","sovereign":"Watjarri","sovereignColorKey":"watjarri","rank":4,"area":13.022603775715567},"geometry":{"type":"Point","coordinates":[117.242756875,-25.993746125]}},{"type":"Feature","id":"fa54a0fec5e0_lbl","properties":{"name":"Malyangaba","sovereign":"Malyangaba","sovereignColorKey":"malyangaba","rank":3,"area":3.251334856977465},"geometry":{"type":"Point","coordinates":[140.80987875891825,-30.65090903889852]}},{"type":"Feature","id":"74c8c1cac53e_lbl","properties":{"name":"Kokowarra","sovereign":"Kokowarra","sovereignColorKey":"kokowarra","rank":3,"area":1.6064144461444627},"geometry":{"type":"Point","coordinates":[144.2206418260347,-15.472341477647115]}},{"type":"Feature","id":"6ec928a28fce_lbl","properties":{"name":"Pirlatapa","sovereign":"Pirlatapa","sovereignColorKey":"pirlatapa","rank":3,"area":1.3148734869904644},"geometry":{"type":"Point","coordinates":[140.3260814647761,-29.326457028316714]}},{"type":"Feature","id":"ef35eccde40f_lbl","properties":{"name":"Ngarti","sovereign":"Ngarti","sovereignColorKey":"ngarti","rank":3,"area":3.8685168199479847},"geometry":{"type":"Point","coordinates":[128.73123900000002,-20.253724]}},{"type":"Feature","id":"65f2a8de9002_lbl","properties":{"name":"Dharug","sovereign":"Dharug","sovereignColorKey":"dharug","rank":3,"area":1.4732778559605055},"geometry":{"type":"Point","coordinates":[150.428777,-33.758793]}},{"type":"Feature","id":"649370cb78ab_lbl","properties":{"name":"Wathaurong","sovereign":"Wathaurong","sovereignColorKey":"wathaurong","rank":3,"area":1.3352596218804367},"geometry":{"type":"Point","coordinates":[143.83424450241304,-37.73091043294373]}},{"type":"Feature","id":"14b5f407234a_lbl","properties":{"name":"Warwa","sovereign":"Warwa","sovereignColorKey":"warwa","rank":2,"area":0.3825513563905707},"geometry":{"type":"Point","coordinates":[124.16848172783487,-17.12897941527317]}},{"type":"Feature","id":"a264ccc31d39_lbl","properties":{"name":"Kurtjar","sovereign":"Kurtjar","sovereignColorKey":"kurtjar","rank":3,"area":1.6948505353248038},"geometry":{"type":"Point","coordinates":[142.01315287525173,-17.345658035714123]}},{"type":"Feature","id":"9d8c7e050a94_lbl","properties":{"name":"Thul Garrie Waja (Bindal)","sovereign":"Thul Garrie Waja (Bindal)","sovereignColorKey":"thul garrie waja (bindal)","rank":2,"area":0.22753220770115767},"geometry":{"type":"Point","coordinates":[147.02297147942184,-19.674008574657257]}},{"type":"Feature","id":"fd4f40650ced_lbl","properties":{"name":"Dangbon","sovereign":"Dangbon","sovereignColorKey":"dangbon","rank":2,"area":0.5603228206784951},"geometry":{"type":"Point","coordinates":[134.0603355,-12.5648725]}},{"type":"Feature","id":"4a99e489dd2d_lbl","properties":{"name":"Wardaman","sovereign":"Wardaman","sovereignColorKey":"wardaman","rank":3,"area":1.4334449257310191},"geometry":{"type":"Point","coordinates":[131.74013023384174,-15.224644786933808]}},{"type":"Feature","id":"8957486039d4_lbl","properties":{"name":"Kukatj","sovereign":"Kukatj","sovereignColorKey":"kukatj","rank":2,"area":0.851123075211353},"geometry":{"type":"Point","coordinates":[140.298156,-18.130475500697422]}},{"type":"Feature","id":"f9002b41eb0c_lbl","properties":{"name":"Wiilman","sovereign":"Wiilman","sovereignColorKey":"wiilman","rank":3,"area":1.9476562555489725},"geometry":{"type":"Point","coordinates":[117.2254945,-32.8937045]}},{"type":"Feature","id":"56eb3ead53d3_lbl","properties":{"name":"Yolngu","sovereign":"Yolngu","sovereignColorKey":"yolngu","rank":3,"area":1.9178389723767921},"geometry":{"type":"Point","coordinates":[135.52009249950095,-12.895389894972617]}},{"type":"Feature","id":"3ee5246bf009_lbl","properties":{"name":"Iningai","sovereign":"Iningai","sovereignColorKey":"iningai","rank":3,"area":6.657564667270023},"geometry":{"type":"Point","coordinates":[144.7023769375,-22.8756961875]}},{"type":"Feature","id":"a8c1c37ec044_lbl","properties":{"name":"Warray","sovereign":"Warray","sovereignColorKey":"warray","rank":2,"area":0.6782934473860003},"geometry":{"type":"Point","coordinates":[132.07886934921967,-13.478556118031479]}},{"type":"Feature","id":"dc4539dabc84_lbl","properties":{"name":"Wuthathi","sovereign":"Wuthathi","sovereignColorKey":"wuthathi","rank":2,"area":0.1597652577262565},"geometry":{"type":"Point","coordinates":[142.8767834941871,-12.077217144357096]}},{"type":"Feature","id":"a9d1fbe6748a_lbl","properties":{"name":"Kukatja","sovereign":"Kukatja","sovereignColorKey":"kukatja","rank":3,"area":3.187257860271444},"geometry":{"type":"Point","coordinates":[126.93328799999999,-20.518364000000002]}},{"type":"Feature","id":"5377df5cf174_lbl","properties":{"name":"Mingin","sovereign":"Mingin","sovereignColorKey":"mingin","rank":2,"area":0.12265359163204081},"geometry":{"type":"Point","coordinates":[139.295654,-17.978733]}},{"type":"Feature","id":"56e7fc822910_lbl","properties":{"name":"Wiljali","sovereign":"Wiljali","sovereignColorKey":"wiljali","rank":3,"area":2.3845263242009795},"geometry":{"type":"Point","coordinates":[141.0170210633903,-31.98986679112129]}},{"type":"Feature","id":"9f15ce2075ca_lbl","properties":{"name":"Jurruru","sovereign":"Jurruru","sovereignColorKey":"jurruru","rank":2,"area":0.5665249152985048},"geometry":{"type":"Point","coordinates":[117.2115346110486,-23.116894773949458]}},{"type":"Feature","id":"0d3c11bb3949_lbl","properties":{"name":"Latje Latje","sovereign":"Latje Latje","sovereignColorKey":"latje latje","rank":2,"area":0.6930840909995197},"geometry":{"type":"Point","coordinates":[142.1253102265245,-34.5225617697539]}},{"type":"Feature","id":"1ec8b88d53db_lbl","properties":{"name":"Gundungurra","sovereign":"Gundungurra","sovereignColorKey":"gundungurra","rank":3,"area":1.542990044886038},"geometry":{"type":"Point","coordinates":[149.5568845,-34.703658000000004]}},{"type":"Feature","id":"5eef0f2be84e_lbl","properties":{"name":"Bidwell","sovereign":"Bidwell","sovereignColorKey":"bidwell","rank":3,"area":1.0895493764438342},"geometry":{"type":"Point","coordinates":[149.3887765,-37.388591500000004]}},{"type":"Feature","id":"a019014e925f_lbl","properties":{"name":"Wangkangurru","sovereign":"Wangkangurru","sovereignColorKey":"wangkangurru","rank":3,"area":6.28553712899803},"geometry":{"type":"Point","coordinates":[137.121734,-26.115596000000004]}},{"type":"Feature","id":"d50d69dbe146_lbl","properties":{"name":"Purduna","sovereign":"Purduna","sovereignColorKey":"purduna","rank":2,"area":0.850540626371},"geometry":{"type":"Point","coordinates":[115.31810796071812,-23.226666445165854]}},{"type":"Feature","id":"871f2af2be49_lbl","properties":{"name":"Djirbalngan","sovereign":"Djirbalngan","sovereignColorKey":"djirbalngan","rank":2,"area":0.5830666438876442},"geometry":{"type":"Point","coordinates":[145.59545292502656,-17.692932122021485]}},{"type":"Feature","id":"31bd38638aa3_lbl","properties":{"name":"Koko-bera","sovereign":"Koko-bera","sovereignColorKey":"koko-bera","rank":2,"area":0.14660802405208706},"geometry":{"type":"Point","coordinates":[141.39222567390433,-15.924355]}},{"type":"Feature","id":"28ef9b890dc8_lbl","properties":{"name":"Yagalingu","sovereign":"Yagalingu","sovereignColorKey":"yagalingu","rank":3,"area":1.5078507082720165},"geometry":{"type":"Point","coordinates":[146.75191032460594,-23.15020757755867]}},{"type":"Feature","id":"c3004aca65c1_lbl","properties":{"name":"Ngargad","sovereign":"Ngargad","sovereignColorKey":"ngargad","rank":3,"area":2.9052447846555474},"geometry":{"type":"Point","coordinates":[140.449218,-35.424117]}},{"type":"Feature","id":"e027f75fd12d_lbl","properties":{"name":"Guwinmal","sovereign":"Guwinmal","sovereignColorKey":"guwinmal","rank":2,"area":0.5332394335757158},"geometry":{"type":"Point","coordinates":[149.35501025,-22.054263250000005]}},{"type":"Feature","id":"96b5fa1f7741_lbl","properties":{"name":"Tharawal","sovereign":"Tharawal","sovereignColorKey":"tharawal","rank":2,"area":0.522818274522292},"geometry":{"type":"Point","coordinates":[150.7397793955763,-34.5203365]}},{"type":"Feature","id":"7850ecac8ba1_lbl","properties":{"name":"Pintupi","sovereign":"Pintupi","sovereignColorKey":"pintupi","rank":4,"area":14.244964196130539},"geometry":{"type":"Point","coordinates":[128.9132789581048,-22.65597142550091]}},{"type":"Feature","id":"f92ebd0419bc_lbl","properties":{"name":"Miwa","sovereign":"Miwa","sovereignColorKey":"miwa","rank":2,"area":0.32663165581647036},"geometry":{"type":"Point","coordinates":[127.0052710614591,-14.198746534674095]}},{"type":"Feature","id":"37002600e1c0_lbl","properties":{"name":"Banjima","sovereign":"Banjima","sovereignColorKey":"banjima","rank":3,"area":2.256016918987978},"geometry":{"type":"Point","coordinates":[118.56743343477493,-22.85002129438881]}},{"type":"Feature","id":"385c65154dfd_lbl","properties":{"name":"Kuwema","sovereign":"Kuwema","sovereignColorKey":"kuwema","rank":1,"area":0.02515486251788035},"geometry":{"type":"Point","coordinates":[130.1760697165649,-13.636644]}},{"type":"Feature","id":"ecdb79e8b7ce_lbl","properties":{"name":"Gurindji","sovereign":"Gurindji","sovereignColorKey":"gurindji","rank":3,"area":2.778179697802493},"geometry":{"type":"Point","coordinates":[129.8445749429071,-17.62545935029379]}},{"type":"Feature","id":"c7e615860f1a_lbl","properties":{"name":"Bakanh","sovereign":"Bakanh","sovereignColorKey":"bakanh","rank":2,"area":0.8815718885909911},"geometry":{"type":"Point","coordinates":[143.15183150000001,-14.500773500000001]}},{"type":"Feature","id":"fb674e5a3568_lbl","properties":{"name":"Takalak","sovereign":"Takalak","sovereignColorKey":"takalak","rank":2,"area":0.9311218710750406},"geometry":{"type":"Point","coordinates":[143.12206034314252,-18.083905718576222]}},{"type":"Feature","id":"47dfa34d0552_lbl","properties":{"name":"Anmatyerre","sovereign":"Anmatyerre","sovereignColorKey":"anmatyerre","rank":3,"area":2.114335311525532},"geometry":{"type":"Point","coordinates":[132.319985,-22.465605]}},{"type":"Feature","id":"cd9849bbc6f6_lbl","properties":{"name":"Marrithiyel","sovereign":"Marrithiyel","sovereignColorKey":"marrithiyel","rank":2,"area":0.15108915712424675},"geometry":{"type":"Point","coordinates":[129.76346083779123,-14.10994]}},{"type":"Feature","id":"0cd27f0c715f_lbl","properties":{"name":"Malak malak","sovereign":"Malak malak","sovereignColorKey":"malak malak","rank":2,"area":0.3752224790129919},"geometry":{"type":"Point","coordinates":[130.4919305,-13.6471685]}},{"type":"Feature","id":"3501b8800734_lbl","properties":{"name":"Bidjara","sovereign":"Bidjara","sovereignColorKey":"bidjara","rank":4,"area":10.2907780351716},"geometry":{"type":"Point","coordinates":[146.77188578700216,-25.370259702082322]}},{"type":"Feature","id":"6e7857d6d97a_lbl","properties":{"name":"Burarra","sovereign":"Burarra","sovereignColorKey":"burarra","rank":0,"area":0.009133875626388122},"geometry":{"type":"Point","coordinates":[134.596252,-12.158828]}},{"type":"Feature","id":"4aac7de39ad3_lbl","properties":{"name":"Unggumi","sovereign":"Unggumi","sovereignColorKey":"unggumi","rank":3,"area":1.1262246255962356},"geometry":{"type":"Point","coordinates":[125.04403314850133,-17.0643418605267]}},{"type":"Feature","id":"5f131b2add57_lbl","properties":{"name":"Tjalkanti","sovereign":"Tjalkanti","sovereignColorKey":"tjalkanti","rank":3,"area":3.434485207440993},"geometry":{"type":"Point","coordinates":[123.01787903699815,-27.724029806547616]}},{"type":"Feature","id":"0f3b259e4f53_lbl","properties":{"name":"Ngumbarl","sovereign":"Ngumbarl","sovereignColorKey":"ngumbarl","rank":2,"area":0.3261343564192778},"geometry":{"type":"Point","coordinates":[122.093811,-17.782689]}},{"type":"Feature","id":"c4d34e58b253_lbl","properties":{"name":"Nhanta","sovereign":"Nhanta","sovereignColorKey":"nhanta","rank":3,"area":2.08989984451906},"geometry":{"type":"Point","coordinates":[114.50723265880184,-27.571685251696888]}},{"type":"Feature","id":"e0eac3d4c516_lbl","properties":{"name":"Darkinung","sovereign":"Darkinung","sovereignColorKey":"darkinung","rank":2,"area":0.8211489982260112},"geometry":{"type":"Point","coordinates":[150.63122929947463,-33.0538770774492]}},{"type":"Feature","id":"9f7cddba3eb0_lbl","properties":{"name":"Kullilla","sovereign":"Kullilla","sovereignColorKey":"kullilla","rank":3,"area":1.0153023484539858},"geometry":{"type":"Point","coordinates":[143.22875950000002,-28.359001]}},{"type":"Feature","id":"12e8e8a83875_lbl","properties":{"name":"Buandig","sovereign":"Buandig","sovereignColorKey":"buandig","rank":2,"area":0.6566380360183821},"geometry":{"type":"Point","coordinates":[140.62669778013873,-37.828675749999995]}},{"type":"Feature","id":"7fbc2127a768_lbl","properties":{"name":"Koknar","sovereign":"Koknar","sovereignColorKey":"koknar","rank":2,"area":0.47746230214220375},"geometry":{"type":"Point","coordinates":[141.59788396401058,-16.42098740119568]}},{"type":"Feature","id":"c2153c630753_lbl","properties":{"name":"Ngarla","sovereign":"Ngarla","sovereignColorKey":"ngarla","rank":2,"area":0.27520711462457115},"geometry":{"type":"Point","coordinates":[118.81005777017201,-20.43216]}},{"type":"Feature","id":"f0167665bd8e_lbl","properties":{"name":"Jaminjung","sovereign":"Jaminjung","sovereignColorKey":"jaminjung","rank":2,"area":0.970124376714951},"geometry":{"type":"Point","coordinates":[130.41940574709844,-15.103534693218602]}},{"type":"Feature","id":"f5dc6bfce208_lbl","properties":{"name":"Ballardong","sovereign":"Ballardong","sovereignColorKey":"ballardong","rank":3,"area":2.383053424503977},"geometry":{"type":"Point","coordinates":[117.28439565347807,-31.280900843500376]}},{"type":"Feature","id":"646b67f72b0a_lbl","properties":{"name":"Umbindhamu","sovereign":"Umbindhamu","sovereignColorKey":"umbindhamu","rank":1,"area":0.07136574083016001},"geometry":{"type":"Point","coordinates":[143.315277,-14.362851]}},{"type":"Feature","id":"a6aa328ae064_lbl","properties":{"name":"Ngandi","sovereign":"Ngandi","sovereignColorKey":"ngandi","rank":2,"area":0.4406904430024987},"geometry":{"type":"Point","coordinates":[135.1895135,-14.0482835]}},{"type":"Feature","id":"f92780fe9c29_lbl","properties":{"name":"Kuuku-yani","sovereign":"Kuuku-yani","sovereignColorKey":"kuuku-yani","rank":1,"area":0.06847200340090609},"geometry":{"type":"Point","coordinates":[143.294677,-14.128585]}},{"type":"Feature","id":"8b991e8ab05c_lbl","properties":{"name":"Nyawaygi","sovereign":"Nyawaygi","sovereignColorKey":"nyawaygi","rank":2,"area":0.4536961000595463},"geometry":{"type":"Point","coordinates":[145.9430005,-18.85361150000001]}},{"type":"Feature","id":"9a6029dda857_lbl","properties":{"name":"Miyan","sovereign":"Miyan","sovereignColorKey":"miyan","rank":2,"area":0.9501145935150106},"geometry":{"type":"Point","coordinates":[146.22793284130375,-21.981829846203617]}},{"type":"Feature","id":"2504d997792b_lbl","properties":{"name":"Yulparitja","sovereign":"Yulparitja","sovereignColorKey":"yulparitja","rank":3,"area":4.891182379189011},"geometry":{"type":"Point","coordinates":[124.870605,-21.2953755]}},{"type":"Feature","id":"49e6a9942a9e_lbl","properties":{"name":"Garingbal","sovereign":"Garingbal","sovereignColorKey":"garingbal","rank":2,"area":0.7694414726194978},"geometry":{"type":"Point","coordinates":[148.6413966782572,-24.803586533109183]}},{"type":"Feature","id":"583f01451bff_lbl","properties":{"name":"Baraba Baraba","sovereign":"Baraba Baraba","sovereignColorKey":"baraba baraba","rank":3,"area":1.1543632753700237},"geometry":{"type":"Point","coordinates":[144.707793875,-35.18759337500002]}},{"type":"Feature","id":"6d3c5a719d35_lbl","properties":{"name":"Kuthant","sovereign":"Kuthant","sovereignColorKey":"kuthant","rank":2,"area":0.10089808398654376},"geometry":{"type":"Point","coordinates":[140.68988833173321,-17.785304]}},{"type":"Feature","id":"4af6e5279903_lbl","properties":{"name":"Wonnarua","sovereign":"Wonnarua","sovereignColorKey":"wonnarua","rank":2,"area":0.9790607960680191},"geometry":{"type":"Point","coordinates":[150.754394,-32.5646785]}},{"type":"Feature","id":"6b41be0f2d4c_lbl","properties":{"name":"Wuningangk","sovereign":"Wuningangk","sovereignColorKey":"wuningangk","rank":2,"area":0.42387221776649664},"geometry":{"type":"Point","coordinates":[133.1542955,-13.0699305]}},{"type":"Feature","id":"6eda3c78cf56_lbl","properties":{"name":"Danggali","sovereign":"Danggali","sovereignColorKey":"danggali","rank":3,"area":3.376629949940511},"geometry":{"type":"Point","coordinates":[140.967482625,-32.806762875]}},{"type":"Feature","id":"9065517f6e76_lbl","properties":{"name":"Barranbinya","sovereign":"Barranbinya","sovereignColorKey":"barranbinya","rank":2,"area":0.42435448994000424},"geometry":{"type":"Point","coordinates":[146.20806813146902,-29.853450147621473]}},{"type":"Feature","id":"80d383dad9a6_lbl","properties":{"name":"Ngan’giwumirri","sovereign":"Ngan’giwumirri","sovereignColorKey":"ngan’giwumirri","rank":2,"area":0.4980311405924933},"geometry":{"type":"Point","coordinates":[130.51554624376715,-14.19349408696418]}},{"type":"Feature","id":"42aca08c0d92_lbl","properties":{"name":"Awabakal","sovereign":"Awabakal","sovereignColorKey":"awabakal","rank":2,"area":0.16572092830522},"geometry":{"type":"Point","coordinates":[151.57625078844532,-32.97671279341546]}},{"type":"Feature","id":"a0e9c0bdcd3e_lbl","properties":{"name":"Pinjarup","sovereign":"Pinjarup","sovereignColorKey":"pinjarup","rank":2,"area":0.17350160175258011},"geometry":{"type":"Point","coordinates":[115.71477638820367,-33.022481]}},{"type":"Feature","id":"23f9a30c14a6_lbl","properties":{"name":"Guwa","sovereign":"Guwa","sovereignColorKey":"guwa","rank":3,"area":2.342026913132507},"geometry":{"type":"Point","coordinates":[142.1685785,-22.2824275]}},{"type":"Feature","id":"1e50bb531a2f_lbl","properties":{"name":"Nyanganyatjara","sovereign":"Nyanganyatjara","sovereignColorKey":"nyanganyatjara","rank":4,"area":11.45373582807055},"geometry":{"type":"Point","coordinates":[124.35282125620718,-29.231697256207184]}},{"type":"Feature","id":"e4bcad940b04_lbl","properties":{"name":"Unknown","sovereign":"Unknown","sovereignColorKey":"unknown","rank":3,"area":1.307879748628225},"geometry":{"type":"Point","coordinates":[130.86870629689005,-30.427998866136647]}},{"type":"Feature","id":"4c4d747c4325_lbl","properties":{"name":"Australian aboriginal hunter-gatherers","sovereign":"Australian aboriginal hunter-gatherers","sovereignColorKey":"australian aboriginal hunter-gatherers","rank":4,"area":13.179670801443038},"geometry":{"type":"Point","coordinates":[137.11623606311542,-24.01182836483397]}},{"type":"Feature","id":"098db13e31d7_lbl","properties":{"name":"Ottoman Empire","sovereign":"Ottoman Empire","sovereignColorKey":"ottoman empire","rank":4,"area":83.94149786160014},"geometry":{"type":"Point","coordinates":[24.911070198044403,43.25096982205457]}},{"type":"Feature","id":"098db13e31d7_lbl","properties":{"name":"Ottoman Empire","sovereign":"Ottoman Empire","sovereignColorKey":"ottoman empire","rank":5,"area":409.0139477939571},"geometry":{"type":"Point","coordinates":[43.9664324368828,37.05153386239648]}},{"type":"Feature","id":"e1e8e5e05076_lbl","properties":{"name":"Austrian Empire","sovereign":"Austrian Empire","sovereignColorKey":"austrian empire","rank":4,"area":49.88939620748178},"geometry":{"type":"Point","coordinates":[21.10018864659857,47.206603381846485]}},{"type":"Feature","id":"e4bcad940b04_lbl","properties":{"name":"Unknown","sovereign":"Unknown","sovereignColorKey":"unknown","rank":1,"area":0.09429169969151596},"geometry":{"type":"Point","coordinates":[-4.569167,53.124443]}},{"type":"Feature","id":"e4bcad940b04_lbl","properties":{"name":"Unknown","sovereign":"Unknown","sovereignColorKey":"unknown","rank":1,"area":0.06998407168250663},"geometry":{"type":"Point","coordinates":[-5.400834,55.429443]}},{"type":"Feature","id":"e4bcad940b04_lbl","properties":{"name":"Unknown","sovereign":"Unknown","sovereignColorKey":"unknown","rank":1,"area":0.09076178715250688},"geometry":{"type":"Point","coordinates":[-6.51,55.572777]}},{"type":"Feature","id":"e4bcad940b04_lbl","properties":{"name":"Unknown","sovereign":"Unknown","sovereignColorKey":"unknown","rank":1,"area":0.05535103831701016},"geometry":{"type":"Point","coordinates":[-6.088056,55.78833]}},{"type":"Feature","id":"e4bcad940b04_lbl","properties":{"name":"Unknown","sovereign":"Unknown","sovereignColorKey":"unknown","rank":1,"area":0.012211978549995285},"geometry":{"type":"Point","coordinates":[-7.560556,56.940826]}},{"type":"Feature","id":"e4bcad940b04_lbl","properties":{"name":"Unknown","sovereign":"Unknown","sovereignColorKey":"unknown","rank":1,"area":0.04468973185200381},"geometry":{"type":"Point","coordinates":[-7.425,57.09471900000011]}},{"type":"Feature","id":"e4bcad940b04_lbl","properties":{"name":"Unknown","sovereign":"Unknown","sovereignColorKey":"unknown","rank":1,"area":0.01436022620549626},"geometry":{"type":"Point","coordinates":[-7.410001,57.397499]}},{"type":"Feature","id":"e4bcad940b04_lbl","properties":{"name":"Unknown","sovereign":"Unknown","sovereignColorKey":"unknown","rank":1,"area":0.05390130848948728},"geometry":{"type":"Point","coordinates":[-7.543334,57.503609]}},{"type":"Feature","id":"e4bcad940b04_lbl","properties":{"name":"Unknown","sovereign":"Unknown","sovereignColorKey":"unknown","rank":0,"area":0.002507046163495945},"geometry":{"type":"Point","coordinates":[-7.077778,57.877777]}},{"type":"Feature","id":"e4bcad940b04_lbl","properties":{"name":"Unknown","sovereign":"Unknown","sovereignColorKey":"unknown","rank":0,"area":0.003325530646003625},"geometry":{"type":"Point","coordinates":[-6.89,58.201942]}},{"type":"Feature","id":"e4bcad940b04_lbl","properties":{"name":"Unknown","sovereign":"Unknown","sovereignColorKey":"unknown","rank":2,"area":0.3414472716994883},"geometry":{"type":"Point","coordinates":[-6.734306000000001,58.118744]}},{"type":"Feature","id":"e4bcad940b04_lbl","properties":{"name":"Unknown","sovereign":"Unknown","sovereignColorKey":"unknown","rank":1,"area":0.011492700153997696},"geometry":{"type":"Point","coordinates":[-3.036945,58.729996]}},{"type":"Feature","id":"e4bcad940b04_lbl","properties":{"name":"Unknown","sovereign":"Unknown","sovereignColorKey":"unknown","rank":1,"area":0.027156655198997914},"geometry":{"type":"Point","coordinates":[-3.433056,58.775551]}},{"type":"Feature","id":"e4bcad940b04_lbl","properties":{"name":"Unknown","sovereign":"Unknown","sovereignColorKey":"unknown","rank":1,"area":0.08811549456598282},"geometry":{"type":"Point","coordinates":[-3.368056,58.878883]}},{"type":"Feature","id":"e4bcad940b04_lbl","properties":{"name":"Unknown","sovereign":"Unknown","sovereignColorKey":"unknown","rank":1,"area":0.01407869933099272},"geometry":{"type":"Point","coordinates":[-2.693611,59.18416600000012]}},{"type":"Feature","id":"e4bcad940b04_lbl","properties":{"name":"Unknown","sovereign":"Unknown","sovereignColorKey":"unknown","rank":0,"area":0.007380893239500036},"geometry":{"type":"Point","coordinates":[-3.076389,59.228607000000125]}},{"type":"Feature","id":"e4bcad940b04_lbl","properties":{"name":"Unknown","sovereign":"Unknown","sovereignColorKey":"unknown","rank":2,"area":0.1744771708000023},"geometry":{"type":"Point","coordinates":[-1.3316449685426117,60.304971688679714]}},{"type":"Feature","id":"e4bcad940b04_lbl","properties":{"name":"Unknown","sovereign":"Unknown","sovereignColorKey":"unknown","rank":1,"area":0.03877851196150053},"geometry":{"type":"Point","coordinates":[-1.183611,60.48555]}},{"type":"Feature","id":"e4bcad940b04_lbl","properties":{"name":"Unknown","sovereign":"Unknown","sovereignColorKey":"unknown","rank":1,"area":0.025693871881989044},"geometry":{"type":"Point","coordinates":[-0.965556,60.67333200000013]}},{"type":"Feature","id":"e4bcad940b04_lbl","properties":{"name":"Unknown","sovereign":"Unknown","sovereignColorKey":"unknown","rank":2,"area":0.27437192508949587},"geometry":{"type":"Point","coordinates":[-7.235001,61.93332700000013]}},{"type":"Feature","id":"e4bcad940b04_lbl","properties":{"name":"Unknown","sovereign":"Unknown","sovereignColorKey":"unknown","rank":1,"area":0.08575425997899998},"geometry":{"type":"Point","coordinates":[-4.788611,54.05555]}},{"type":"Feature","id":"e4bcad940b04_lbl","properties":{"name":"Unknown","sovereign":"Unknown","sovereignColorKey":"unknown","rank":1,"area":0.07908077203200525},"geometry":{"type":"Point","coordinates":[129.143036,28.115273]}},{"type":"Feature","id":"e4bcad940b04_lbl","properties":{"name":"Unknown","sovereign":"Unknown","sovereignColorKey":"unknown","rank":0,"area":0.0012869944674956946},"geometry":{"type":"Point","coordinates":[129.92358400000012,29.95638300000013]}},{"type":"Feature","id":"e4bcad940b04_lbl","properties":{"name":"Unknown","sovereign":"Unknown","sovereignColorKey":"unknown","rank":0,"area":0.002489617461003235},"geometry":{"type":"Point","coordinates":[129.851898,29.818054]}},{"type":"Feature","id":"e4bcad940b04_lbl","properties":{"name":"Unknown","sovereign":"Unknown","sovereignColorKey":"unknown","rank":1,"area":0.04758403841252168},"geometry":{"type":"Point","coordinates":[130.861633,30.353607]}},{"type":"Feature","id":"e4bcad940b04_lbl","properties":{"name":"Unknown","sovereign":"Unknown","sovereignColorKey":"unknown","rank":1,"area":0.04719462131601479},"geometry":{"type":"Point","coordinates":[130.380249,30.235828]}},{"type":"Feature","id":"e4bcad940b04_lbl","properties":{"name":"Unknown","sovereign":"Unknown","sovereignColorKey":"unknown","rank":3,"area":3.1905799468579605},"geometry":{"type":"Point","coordinates":[120.96194328443018,23.7512308884537]}},{"type":"Feature","id":"e4bcad940b04_lbl","properties":{"name":"Unknown","sovereign":"Unknown","sovereignColorKey":"unknown","rank":1,"area":0.042549143625984165},"geometry":{"type":"Point","coordinates":[128.60107400000015,32.589157]}},{"type":"Feature","id":"e4bcad940b04_lbl","properties":{"name":"Unknown","sovereign":"Unknown","sovereignColorKey":"unknown","rank":1,"area":0.027291408152497254},"geometry":{"type":"Point","coordinates":[123.678864,24.250832]}},{"type":"Feature","id":"e4bcad940b04_lbl","properties":{"name":"Unknown","sovereign":"Unknown","sovereignColorKey":"unknown","rank":1,"area":0.015698917822008718},"geometry":{"type":"Point","coordinates":[125.252213,24.716106]}},{"type":"Feature","id":"e4bcad940b04_lbl","properties":{"name":"Unknown","sovereign":"Unknown","sovereignColorKey":"unknown","rank":1,"area":0.020618290652017812},"geometry":{"type":"Point","coordinates":[124.075821,24.327221]}},{"type":"Feature","id":"e4bcad940b04_lbl","properties":{"name":"Unknown","sovereign":"Unknown","sovereignColorKey":"unknown","rank":2,"area":0.11388974239949468},"geometry":{"type":"Point","coordinates":[127.97807335096444,26.5055784391502]}},{"type":"Feature","id":"e4bcad940b04_lbl","properties":{"name":"Unknown","sovereign":"Unknown","sovereignColorKey":"unknown","rank":0,"area":0.006526506538995724},"geometry":{"type":"Point","coordinates":[126.691933,26.296944]}},{"type":"Feature","id":"e4bcad940b04_lbl","properties":{"name":"Unknown","sovereign":"Unknown","sovereignColorKey":"unknown","rank":1,"area":0.02348861365848981},"geometry":{"type":"Point","coordinates":[128.880249,27.675552]}},{"type":"Feature","id":"e4bcad940b04_lbl","properties":{"name":"Unknown","sovereign":"Unknown","sovereignColorKey":"unknown","rank":0,"area":0.009989413465496089},"geometry":{"type":"Point","coordinates":[128.52249100000017,27.346664]}},{"type":"Feature","id":"e4bcad940b04_lbl","properties":{"name":"Unknown","sovereign":"Unknown","sovereignColorKey":"unknown","rank":0,"area":0.005132306384000751},"geometry":{"type":"Point","coordinates":[129.914429,28.279999]}},{"type":"Feature","id":"e4bcad940b04_lbl","properties":{"name":"Unknown","sovereign":"Unknown","sovereignColorKey":"unknown","rank":0,"area":0.00971327331799876},"geometry":{"type":"Point","coordinates":[129.184692,28.075275]}},{"type":"Feature","id":"e4bcad940b04_lbl","properties":{"name":"Unknown","sovereign":"Unknown","sovereignColorKey":"unknown","rank":0,"area":0.0018236835785011563},"geometry":{"type":"Point","coordinates":[129.706085,29.606384]}},{"type":"Feature","id":"ea9be83e4698_lbl","properties":{"name":"central Asian khanates","sovereign":"central Asian khanates","sovereignColorKey":"central asian khanates","rank":5,"area":577.2747575243234},"geometry":{"type":"Point","coordinates":[92.29006600550187,44.279855051518524]}},{"type":"Feature","id":"72871bd4f1a8_lbl","properties":{"name":"Chukchi","sovereign":"Chukchi","sovereignColorKey":"chukchi","rank":5,"area":184.14986329666186},"geometry":{"type":"Point","coordinates":[171.84970722951743,65.41717585177784]}},{"type":"Feature","id":"6785d94fba75_lbl","properties":{"name":"Koryaks","sovereign":"Koryaks","sovereignColorKey":"koryaks","rank":4,"area":30.67492140474027},"geometry":{"type":"Point","coordinates":[160.48993149219677,57.71452464569651]}},{"type":"Feature","id":"e3a635ebb80a_lbl","properties":{"name":"Itelmen","sovereign":"Itelmen","sovereignColorKey":"itelmen","rank":4,"area":22.508678396560626},"geometry":{"type":"Point","coordinates":[157.76199380097495,54.80528565856957]}},{"type":"Feature","id":"4cac00fb3e5d_lbl","properties":{"name":"Finnmark","sovereign":"Denmark-Norway","sovereignColorKey":"denmark-norway","rank":3,"area":9.214180462562243},"geometry":{"type":"Point","coordinates":[29.42455460492475,69.09817648747506]}},{"type":"Feature","id":"9b715b9c0c39_lbl","properties":{"name":"Denmark-Norway","sovereign":"Denmark-Norway","sovereignColorKey":"denmark-norway","rank":4,"area":71.91138180665669},"geometry":{"type":"Point","coordinates":[8.649611506072269,60.82558687777882]}},{"type":"Feature","id":"300befde11ee_lbl","properties":{"name":"Sweden","sovereign":"Sweden","sovereignColorKey":"sweden","rank":5,"area":167.06891276377718},"geometry":{"type":"Point","coordinates":[27.63193968257069,63.16039546580677]}},{"type":"Feature","id":"cd5a3a7947a2_lbl","properties":{"name":"Nogai Horde","sovereign":"Nogai Horde","sovereignColorKey":"nogai horde","rank":4,"area":43.92280264202598},"geometry":{"type":"Point","coordinates":[55.61066501881128,48.11861999472586]}},{"type":"Feature","id":"1ab05c899e8e_lbl","properties":{"name":"Quazaq Khanate","sovereign":"Quazaq Khanate","sovereignColorKey":"quazaq khanate","rank":5,"area":238.74023205030187},"geometry":{"type":"Point","coordinates":[70.84119495124253,48.349830038755755]}},{"type":"Feature","id":"4ef70620ddde_lbl","properties":{"name":"Khiva Khanate","sovereign":"Khiva Khanate","sovereignColorKey":"khiva khanate","rank":5,"area":106.83407124734454},"geometry":{"type":"Point","coordinates":[58.01924876002574,41.633613839415226]}},{"type":"Feature","id":"1c37843b036d_lbl","properties":{"name":"Tsardom of Muscovy","sovereign":"Tsardom of Muscovy","sovereignColorKey":"tsardom of muscovy","rank":6,"area":2363.5869038528263},"geometry":{"type":"Point","coordinates":[96.71572911444774,63.34687791243761]}},{"type":"Feature","id":"a8862211cec4_lbl","properties":{"name":"Bhutan","sovereign":"Bhutan","sovereignColorKey":"bhutan","rank":3,"area":4.439334377430818},"geometry":{"type":"Point","coordinates":[90.1046167138238,27.418960766002854]}},{"type":"Feature","id":"83a26c061f4a_lbl","properties":{"name":"Mughal Empire","sovereign":"Mughal Empire","sovereignColorKey":"mughal empire","rank":5,"area":356.2033337239273},"geometry":{"type":"Point","coordinates":[79.44002006373103,23.648580127665596]}},{"type":"Feature","id":"a629bd3762bb_lbl","properties":{"name":"Korea","sovereign":"Korea","sovereignColorKey":"korea","rank":4,"area":23.288061516307163},"geometry":{"type":"Point","coordinates":[128.07214358767627,36.66239404705823]}},{"type":"Feature","id":"57d459ed5edc_lbl","properties":{"name":"Lan Na","sovereign":"Lan Na","sovereignColorKey":"lan na","rank":4,"area":10.029329145102444},"geometry":{"type":"Point","coordinates":[99.30145934542773,18.322336335650522]}},{"type":"Feature","id":"b6c51d2c0d75_lbl","properties":{"name":"Tuʻi Tonga Empire","sovereign":"Tuʻi Tonga Empire","sovereignColorKey":"tuʻi tonga empire","rank":3,"area":2.0065686177569377},"geometry":{"type":"Point","coordinates":[177.97163670724294,-17.82444827521662]}},{"type":"Feature","id":"e3384194305a_lbl","properties":{"name":"Polynesians","sovereign":"Polynesians","sovereignColorKey":"polynesians","rank":1,"area":0.017058751976498893},"geometry":{"type":"Point","coordinates":[-109.449173,-27.201946]}},{"type":"Feature","id":"70d5cd8e52ac_lbl","properties":{"name":"Hong Kong","sovereign":"Hong Kong","sovereignColorKey":"hong kong","rank":2,"area":0.12187610972735752},"geometry":{"type":"Point","coordinates":[113.90135232453927,22.171690795428585]}}]}